t_s,iter,n_active,n_vars,n_rows,status,objective,wall_s
0,0,8,3969,4624,optimal,9.84550389640081,0.8476300839683972
0,1,8,3969,4834,optimal,9.873116234659596,1.107052208040841
0,2,8,3969,4848,optimal,9.873121234128906,1.2426065829931758
150,0,8,1345,4574,optimal,9.365922624191077,0.02060233399970457
150,1,8,1345,4801,optimal,9.375108862211517,0.020198874990455806
150,2,8,1345,4816,optimal,9.375113861680825,0.028178875043522567
300,0,8,1345,4884,optimal,8.771365077777308,0.025283124996349216
300,1,8,1345,5136,optimal,8.775691426968974,0.023285250004846603
300,2,8,1345,5141,optimal,8.775696374055764,0.040396584023255855
450,0,8,1345,5234,optimal,8.291978135491567,0.02071750001050532
450,1,8,1345,5513,optimal,8.293790783403601,0.021465249999891967
450,2,8,1345,5495,optimal,8.293792226756608,0.024798667000140995
600,0,8,1345,5600,optimal,7.738196269805395,0.03603033296531066
600,1,8,1345,5868,optimal,7.738858559420611,0.021498374990187585
600,2,8,1345,5849,optimal,7.738860002773617,0.022429000004194677
750,0,8,1345,5970,optimal,7.233289545100512,0.027126541011966765
750,1,8,1345,6240,optimal,7.233951834715728,0.023051124997437
750,2,8,1345,6204,optimal,7.233953278068733,0.023859500011894852
900,0,8,1345,6333,optimal,6.912157579069514,0.022961291018873453
900,1,8,1345,6609,optimal,6.912819868684729,0.022290874971076846
900,2,8,1345,6570,optimal,6.9128284643878155,0.0229019169928506
1050,0,8,1345,6683,optimal,6.597331051384764,0.024487583024892956
1050,1,8,1345,6962,optimal,6.597901689601231,0.022995917010121047
1050,2,8,1345,6920,optimal,6.59791025311741,0.023856499989051372
1200,0,8,1345,7026,optimal,6.361505485341385,0.022796374978497624
1200,1,8,1345,7306,optimal,6.361769950972817,0.02354829100659117
1200,2,8,1345,7245,optimal,6.361776037665658,0.023648458998650312
1350,0,8,1345,7370,optimal,6.15766398540222,0.030284915992524475
1350,1,8,1345,7634,optimal,6.157694031799754,0.02462924999417737
1350,2,8,1345,7553,optimal,6.157700118492594,0.025559500034432858
1500,0,5,841,4937,optimal,5.968234054518299,0.015416292008012533
1500,1,5,841,5120,optimal,5.968248989554754,0.01817816699622199
1500,2,5,841,5190,optimal,5.968245401251544,0.015483083028811961
1650,0,5,841,5091,optimal,5.8491667717506255,0.016855333000421524
1650,1,5,841,5259,optimal,5.84918170678708,0.017876916972454637
1650,2,5,841,5315,optimal,5.84917811848387,0.01653816702309996
1800,0,13,4809,9392,optimal,8.912290038427564,1.6877418749500066
1800,1,13,4809,9563,optimal,8.96280791984384,1.1654610419645905
1800,2,13,4809,10253,optimal,9.028873116584682,1.213078166008927
1950,0,13,2185,9419,optimal,8.701189228274133,0.042723125021439046
1950,1,13,2185,9567,optimal,8.775586728050738,0.039816125005017966
1950,2,13,2185,10289,optimal,8.913925275445242,0.04006312502315268
2100,0,13,2185,9797,optimal,8.398081427930583,0.040305082977283746
2100,1,13,2185,9900,optimal,8.488379199670652,0.04570379195502028
2100,2,13,2185,10679,optimal,8.612281137097558,0.04061712499242276
2250,0,12,2017,9344,optimal,7.97035104919125,0.03759750002063811
2250,1,12,2017,9434,optimal,8.19176285335783,0.037714417034294456
2250,2,12,2017,10057,optimal,8.311136686012853,0.04172058298718184
2400,0,11,1849,8750,optimal,7.535548070351568,0.033075249986723065
2400,1,11,1849,8848,optimal,7.7638856355346055,0.03263808402698487
2400,2,11,1849,9350,optimal,8.064805934604381,0.03288433299167082
2550,0,11,1849,9100,optimal,7.0737792243645154,0.03788229200290516
2550,1,11,1849,9177,optimal,7.377457637263348,0.03352762496797368
2550,2,11,1849,9626,optimal,7.645994350011586,0.03464241698384285
2700,0,11,1849,9358,optimal,6.710157837633935,0.03249020897783339
2700,1,11,1849,9425,optimal,7.060550047934837,0.037121042027138174
2700,2,11,1849,9832,optimal,7.3014695117862365,0.03362475003814325
2850,0,11,1849,9568,optimal,6.43276863057996,0.03463775001000613
2850,1,11,1849,9591,optimal,6.81368585977434,0.03396287502255291
2850,2,11,1849,9983,optimal,7.027360322771403,0.03690262499731034
3000,0,11,1849,9816,optimal,6.267633965916133,0.03342191700357944
3000,1,11,1849,9836,optimal,6.611079604007214,0.03517666697734967
3000,2,11,1849,10164,optimal,6.750757428894831,0.03334100003121421
3150,0,10,1681,9114,optimal,6.151384472334351,0.033530083019286394
3150,1,10,1681,9397,optimal,6.433811080864335,0.030420917028095573
3150,2,10,1681,9628,optimal,6.499290537310835,0.03058658301597461
3300,0,10,1681,9270,optimal,6.052826378138,0.030430083977989852
3300,1,10,1681,9499,optimal,6.221030522142147,0.03259254200384021
3300,2,10,1681,9720,optimal,6.264685872322226,0.030635832983534783
3450,0,10,1681,9399,optimal,5.979775647190298,0.030267624999396503
3450,1,10,1681,9575,optimal,6.03549694946469,0.030729166988749057
3450,2,10,1681,9763,optimal,6.057284422050108,0.03259883401915431
3600,0,18,5649,13476,optimal,10.168206050153378,1.2387410419760272
3600,1,18,5649,13684,optimal,10.122415146045055,1.6262349170283414
3600,2,18,5649,14105,optimal,10.187933736239257,0.9494025830063038
3750,0,18,3025,13497,optimal,9.839611885744247,0.054754249984398484
3750,1,18,3025,13710,optimal,9.775426432692905,0.05849633296020329
3750,2,18,3025,14044,optimal,9.850457803940289,0.05774020904209465
3900,0,18,3025,13811,optimal,9.412179639827732,0.057724791986402124
3900,1,18,3025,14045,optimal,9.360642119842895,0.054031999956350774
3900,2,18,3025,14309,optimal,9.426895788697463,0.05700887501006946
4050,0,18,3025,14021,optimal,8.917132448402707,0.05296508298488334
4050,1,18,3025,14319,optimal,8.855215880457324,0.054277166025713086
4050,2,18,3025,14639,optimal,8.929978500991377,0.06031491595786065
4200,0,18,3025,14239,optimal,8.254490420896577,0.054617083980701864
4200,1,18,3025,14640,optimal,8.22681290164038,0.053735500026959926
4200,2,18,3025,14820,optimal,8.25646630082804,0.0563280830392614
4350,0,18,3025,14347,optimal,7.734065192445356,0.052395040984265506
4350,1,18,3025,14828,optimal,7.729542499999774,0.052852332999464124
4350,2,18,3025,14945,optimal,7.727954402009556,0.05941637500654906
4500,0,18,3025,14343,optimal,7.2997949902369585,0.05214729096041992
4500,1,18,3025,14836,optimal,7.297864659862934,0.05292020895285532
4500,2,18,3025,14906,optimal,7.29302045972939,0.058012207970023155
4650,0,18,3025,14287,optimal,6.952540840633743,0.052238125004805624
4650,1,18,3025,14783,optimal,6.954744686398479,0.05243500001961365
4650,2,18,3025,14838,optimal,6.949799688657385,0.06114479200914502
4800,0,18,3025,14181,optimal,6.647379947222169,0.05199116701260209
4800,1,18,3025,14668,optimal,6.646295507914215,0.0522667919867672
4800,2,18,3025,14727,optimal,6.63998311038998,0.05405900004552677
4950,0,18,3025,14109,optimal,6.356286591001745,0.05733679101103917
4950,1,18,3025,14536,optimal,6.355924578672355,0.05161233397666365
4950,2,18,3025,14639,optimal,6.348117715278276,0.053560499974992126
5100,0,18,3025,14019,optimal,6.111888669748334,0.05790187499951571
5100,1,18,3025,14390,optimal,6.112884402839979,0.05139204201987013
5100,2,18,3025,14492,optimal,6.108487898007021,0.05090437503531575
5250,0,18,3025,13848,optimal,5.878485830325874,0.052549707994330674
5250,1,18,3025,14188,optimal,5.879266300565779,0.050446333014406264
5250,2,18,3025,14244,optimal,5.878276765058097,0.050514375034254044
5400,0,26,6993,17353,optimal,10.509215872095876,1.192098375002388
5400,1,26,6993,17911,optimal,10.513695108652334,1.5399132500169799
5400,2,26,6993,18213,optimal,10.50993096808582,1.3558772910037078
5550,0,26,4369,17068,optimal,10.110181471835975,0.08166574995266274
5550,1,26,4369,17626,optimal,10.10951915768404,0.0757656249916181
5550,2,26,4369,17944,optimal,10.100662304163626,0.08013954199850559
5700,0,25,4201,16458,optimal,9.36150577414327,0.07485216605709866
5700,1,25,4201,16929,optimal,9.357924974335544,0.07376712502446026
5700,2,25,4201,17136,optimal,9.333147815916423,0.07179058302426711
5850,0,25,4201,16562,optimal,8.6025105283845,0.07777970895403996
5850,1,25,4201,16971,optimal,8.598493137519133,0.07306133297970518
5850,2,25,4201,17160,optimal,8.582878290953689,0.0798075000056997
6000,0,25,4201,16570,optimal,7.8946834769919985,0.07189945899881423
6000,1,25,4201,16921,optimal,7.892260369529807,0.07116750004934147
6000,2,25,4201,17043,optimal,7.884150776368059,0.07736641704104841
6150,0,24,4033,16186,optimal,7.387691048447925,0.0689178750035353
6150,1,24,4033,16436,optimal,7.3892136613571004,0.06748425000114366
6150,2,24,4033,16628,optimal,7.3851849576980655,0.0697958329692483
6300,0,24,4033,16216,optimal,6.963146922312025,0.06678145797923207
6300,1,24,4033,16435,optimal,6.96312292539925,0.06665108300512657
6300,2,24,4033,16590,optimal,6.962599072714105,0.07264870899962261
6450,0,23,3865,15643,optimal,6.555982146781675,0.061677583027631044
6450,1,23,3865,15822,optimal,6.555946653869695,0.06195870804367587
6450,2,23,3865,15997,optimal,6.555664646461795,0.0688044999842532
6600,0,23,3865,15695,optimal,6.236432434083164,0.06226295803207904
6600,1,23,3865,15837,optimal,6.236370292869439,0.0616791250067763
6600,2,23,3865,15957,optimal,6.236138541414086,0.06329429196193814
6750,0,22,3697,14745,optimal,5.989405008474153,0.06367091700667515
6750,1,22,3697,14867,optimal,5.989359775742835,0.058671666018199176
6750,2,22,3697,14952,optimal,5.989194644493599,0.06077641696901992
6900,0,22,3697,14852,optimal,5.779913698815109,0.06506383401574567
6900,1,22,3697,14946,optimal,5.779837887279803,0.06009254098171368
6900,2,22,3697,15035,optimal,5.779766176719745,0.05949487502221018
7050,0,22,3697,14981,optimal,5.601473302342571,0.05957616702653468
7050,1,22,3697,15054,optimal,5.601253920717981,0.06637491699075326
7050,2,22,3697,15093,optimal,5.601235787556484,0.0622993329889141
7200,0,30,7665,18226,optimal,10.191218460919899,1.4503832090413198
7200,1,30,7665,18324,optimal,10.224842097788978,0.8811369580216706
7200,2,30,7665,18867,optimal,10.239550377388236,0.7146519580273889
7350,0,30,5041,18149,optimal,9.699862766658121,0.09277179202763364
7350,1,30,5041,18192,optimal,9.738251757555455,0.0934167499653995
7350,2,30,5041,18721,optimal,9.739206415736197,0.09545654198154807
7500,0,29,4873,17941,optimal,8.96624089591455,0.09145549999084324
7500,1,29,4873,17945,optimal,8.991605522289015,0.08566874999087304
7500,2,29,4873,18416,optimal,8.987643972477112,0.09637116699013859
7650,0,28,4705,17100,optimal,8.263743682622225,0.08879912504926324
7650,1,28,4705,17103,optimal,8.279444226851288,0.08531908399891108
7650,2,28,4705,17620,optimal,8.276465478169236,0.0844961249968037
7800,0,28,4705,17314,optimal,7.707786828575642,0.08644920802908018
7800,1,28,4705,17294,optimal,7.722614561353231,0.08468654099851847
7800,2,28,4705,17773,optimal,7.720396965519283,0.08186108304653317
7950,0,26,4369,16058,optimal,7.19666123028443,0.07208229199750349
7950,1,26,4369,15975,optimal,7.20665450493848,0.07359362504212186
7950,2,26,4369,16445,optimal,7.205171622183197,0.0805809170124121
8100,0,25,4201,15583,optimal,6.820786527151063,0.06796920800115913
8100,1,25,4201,15431,optimal,6.827302686314658,0.06653229199582711
8100,2,25,4201,15958,optimal,6.826506931407762,0.0715370419784449
8250,0,25,4201,15847,optimal,6.5165130688128174,0.06957837496884167
8250,1,25,4201,15714,optimal,6.519717837649729,0.06744749995414168
8250,2,25,4201,16168,optimal,6.5202906428977885,0.07403324998449534
8400,0,25,4201,16247,optimal,6.2052766961945425,0.06901820795610547
8400,1,25,4201,16140,optimal,6.206575134413816,0.07139383303001523
8400,2,25,4201,16539,optimal,6.206225506904933,0.0732805419829674
8550,0,25,4201,16603,optimal,5.980926757526857,0.0710312919691205
8550,1,25,4201,16511,optimal,5.980899567610833,0.06927441601874307
8550,2,25,4201,16809,optimal,5.980405577219769,0.07709999999497086
8700,0,25,4201,16936,optimal,5.779360904462602,0.06859533296665177
8700,1,25,4201,16857,optimal,5.7794377210693,0.07271041697822511
8700,2,25,4201,17096,optimal,5.7787623834068,0.07808874995680526
8850,0,23,3865,16726,optimal,5.60556822510692,0.06540937500540167
8850,1,23,3865,16705,optimal,5.605552247566349,0.06626245798543096
8850,2,23,3865,16860,optimal,5.604818996317956,0.0723804589943029
9000,0,31,7833,20440,optimal,10.47325176132679,2.141639666981064
9000,1,31,7833,20601,optimal,10.476660406049964,2.066113792010583
9000,2,31,7833,20794,optimal,10.544535119074839,0.933014957990963
9150,0,31,5209,20485,optimal,9.694870023504189,0.09043737495085225
9150,1,31,5209,20627,optimal,9.728397068096214,0.09952450002310798
9150,2,31,5209,20918,optimal,9.785733669347566,0.09308012499241158
9300,0,30,5041,20060,optimal,8.88940188364325,0.09477399999741465
9300,1,30,5041,20208,optimal,8.903958517512311,0.0887677920400165
9300,2,30,5041,20531,optimal,8.956192036454947,0.09326470800442621
9450,0,29,4873,19878,optimal,8.115201183897721,0.09846258297329769
9450,1,29,4873,19943,optimal,8.124311191708529,0.0881642919848673
9450,2,29,4873,20269,optimal,8.17450233521326,0.09438512503402308
9600,0,28,4705,19846,optimal,7.449264269710613,0.0835326670203358
9600,1,28,4705,19771,optimal,7.462488906030004,0.08253950002836064
9600,2,28,4705,20230,optimal,7.5049301761019365,0.0877625840366818
9750,0,28,4705,20279,optimal,6.969043655269312,0.09140158299123868
9750,1,28,4705,20052,optimal,6.976752150839969,0.09186437499010935
9750,2,28,4705,20551,optimal,7.004239673305242,0.08093454100890085
9900,0,28,4705,20649,optimal,6.602193070602716,0.08474008296616375
9900,1,28,4705,20330,optimal,6.602974180887259,0.08787904196651652
9900,2,28,4705,20823,optimal,6.619220594091332,0.08067125000525266
10050,0,28,4705,20962,optimal,6.276484661285253,0.08809012500569224
10050,1,28,4705,20597,optimal,6.272995157167396,0.08166366699151695
10050,2,28,4705,21033,optimal,6.2847857419611115,0.08678904199041426
10200,0,28,4705,21148,optimal,6.0100636761236705,0.0853975840145722
10200,1,28,4705,20749,optimal,6.007544806541547,0.0801558339735493
10200,2,28,4705,21172,optimal,6.020181165376974,0.08623929199529812
10350,0,28,4705,21246,optimal,5.8334851159470364,0.08229233301244676
10350,1,28,4705,20838,optimal,5.834398965287816,0.0804952920298092
10350,2,28,4705,21217,optimal,5.846506645500544,0.09062054101377726
10500,0,25,4201,19202,optimal,5.642161577735705,0.0745749999769032
10500,1,25,4201,18839,optimal,5.648473727815361,0.07965383300324902
10500,2,25,4201,19246,optimal,5.65613166514888,0.07752791699022055
10650,0,25,4201,19283,optimal,5.510802919941916,0.07844929199200124
10650,1,25,4201,18930,optimal,5.5122482139941695,0.08342091599479318
10650,2,25,4201,19238,optimal,5.514944150212179,0.07202416699146852
10800,0,33,8169,22532,optimal,9.457176785242863,0.8797196670202538
10800,1,33,8169,22271,optimal,9.397499699620191,1.5426815410028212
10800,2,33,8169,22846,optimal,9.454699954925578,1.172964958997909
10950,0,32,5377,21996,optimal,9.112389658639808,0.10222504200646654
10950,1,32,5377,21831,optimal,9.042190284277664,0.09958333399845287
10950,2,32,5377,22277,optimal,9.096701431128036,0.1265150840044953
11100,0,32,5377,22184,optimal,8.618755400849297,0.10646633297437802
11100,1,32,5377,21944,optimal,8.561217838284657,0.09907041699625552
11100,2,32,5377,22366,optimal,8.6144110201551,0.10127966600703076
11250,0,32,5377,22282,optimal,7.983816500673863,0.09464716701768339
11250,1,32,5377,22005,optimal,7.945254119434622,0.10515041701728478
11250,2,32,5377,22460,optimal,7.99345173542752,0.09410070796729997
11400,0,31,5209,21452,optimal,7.482724461238928,0.09509979101130739
11400,1,31,5209,21208,optimal,7.468828817651533,0.09204404102638364
11400,2,31,5209,21571,optimal,7.497117041485068,0.09606845799135044
11550,0,31,5209,21505,optimal,7.024885459319,0.09109383297618479
11550,1,31,5209,21218,optimal,7.0353881388719275,0.09263274999102578
11550,2,31,5209,21608,optimal,7.037623004068468,0.08918725000694394
11700,0,31,5209,21463,optimal,6.58080539955732,0.09051195799838752
11700,1,31,5209,21151,optimal,6.588682450976172,0.09420858399244025
11700,2,31,5209,21544,optimal,6.588046036713714,0.08987304201582447
11850,0,30,5041,20728,optimal,6.320686472840228,0.09066849999362603
11850,1,30,5041,20549,optimal,6.328503599820733,0.0869911250192672
11850,2,30,5041,20791,optimal,6.325657539703163,0.08554608304984868
12000,0,28,4705,19511,optimal,6.087905665023938,0.08167024998692796
12000,1,28,4705,19382,optimal,6.097638011395989,0.0766389169730246
12000,2,28,4705,19517,optimal,6.0906843294847235,0.08329345897072926
12150,0,28,4705,19660,optimal,5.861137316386482,0.0771016669459641
12150,1,28,4705,19572,optimal,5.871779407118535,0.07755445799557492
12150,2,28,4705,19592,optimal,5.855819212766428,0.08347366697853431
12300,0,28,4705,19760,optimal,5.670531754567137,0.07842612499371171
12300,1,28,4705,19675,optimal,5.681288167842194,0.07928841596003622
12300,2,28,4705,19733,optimal,5.663792958453406,0.0780025830026716
12450,0,27,4537,19036,optimal,5.470034273644264,0.07508245803182945
12450,1,27,4537,18944,optimal,5.478441535156051,0.08131662500090897
12450,2,27,4537,18977,optimal,5.475278894050555,0.07612616696860641
12600,0,35,8505,22752,optimal,9.89458439997465,0.9199240420130081
12600,1,35,8505,22490,optimal,9.899421602017808,1.1805300409905612
12600,2,35,8505,23181,optimal,9.910474106576228,1.1693970420164987
12750,0,34,5713,21939,optimal,9.57399913267144,0.10728066699812189
12750,1,34,5713,21609,optimal,9.574236965803092,0.10013400000752881
12750,2,34,5713,22127,optimal,9.57998923750281,0.09920612501446158
12900,0,34,5713,22093,optimal,9.027431002065839,0.0960467080003582
12900,1,34,5713,21860,optimal,9.041756744263601,0.09911512496182695
12900,2,34,5713,22480,optimal,9.049537354627333,0.12057679198915139
13050,0,34,5713,22289,optimal,8.410041600125288,0.1018506659893319
13050,1,34,5713,22088,optimal,8.436337245570142,0.10412070900201797
13050,2,34,5713,22879,optimal,8.438995889061696,0.10742641700198874
13200,0,34,5713,22494,optimal,7.906584657047388,0.11007991601945832
13200,1,34,5713,22344,optimal,7.926325495294023,0.09863550000591204
13200,2,34,5713,23167,optimal,7.9303197964289325,0.10595116700278595
13350,0,33,5545,22115,optimal,7.297926385652804,0.11433737498009577
13350,1,33,5545,21866,optimal,7.30511939410778,0.10373445798177272
13350,2,33,5545,22741,optimal,7.305119697855751,0.09868699999060482
13500,0,33,5545,22285,optimal,6.768355402082487,0.10226858302485198
13500,1,33,5545,22207,optimal,6.771925061850736,0.09718945797067136
13500,2,33,5545,22954,optimal,6.772896808094133,0.09768308297498152
13650,0,33,5545,22513,optimal,6.340415406426501,0.11051420803414658
13650,1,33,5545,22461,optimal,6.341523249688703,0.10226645797956735
13650,2,33,5545,23050,optimal,6.342260196813124,0.11565708299167454
13800,0,32,5377,22279,optimal,6.003552315974072,0.09388533403398469
13800,1,32,5377,22121,optimal,6.005119235291158,0.10205629101255909
13800,2,32,5377,22621,optimal,6.005476730865885,0.09162408398697153
13950,0,32,5377,22468,optimal,5.733236083421844,0.10339133301749825
13950,1,32,5377,22324,optimal,5.734559413225531,0.09075116697931662
13950,2,32,5377,22811,optimal,5.7347939251577085,0.09113350004190579
14100,0,32,5377,22603,optimal,5.483859154291263,0.09773970796959475
14100,1,32,5377,22482,optimal,5.484835447003558,0.09279954194789752
14100,2,32,5377,22912,optimal,5.484823961080057,0.09938525001052767
14250,0,30,5041,21568,optimal,5.329294000267367,0.08687800000188872
14250,1,30,5041,21448,optimal,5.329652683342858,0.08759358298266307
14250,2,30,5041,21843,optimal,5.329645166131871,0.09297491598408669
14400,0,30,5041,21635,optimal,5.207686133155564,0.10463979101041332
14400,1,30,5041,21558,optimal,5.2077082689595855,0.3447721250122413
14400,2,30,5041,21877,optimal,5.2077007517485985,0.21011250000447035
14550,0,28,4705,20379,optimal,5.120396052371457,0.19078829098725691
14550,1,28,4705,20357,optimal,5.120395927452486,0.18026370799634606
14550,2,28,4705,20552,optimal,5.1203884102415,0.12262695794925094
14700,0,26,4369,18700,optimal,5.064572207702255,0.0975932499859482
14700,1,26,4369,18711,optimal,5.064572098917088,0.08063987497007474
14700,2,26,4369,18837,optimal,5.064564604210925,0.08796337497187778
14850,0,26,4369,18699,optimal,5.021609750957817,0.10656087502138689
14850,1,26,4369,18744,optimal,5.021609642172649,0.08290604199282825
14850,2,26,4369,18786,optimal,5.021602147466486,0.07845483301207423
15000,0,26,4369,18697,optimal,4.99518709152371,0.09149566700216383
15000,1,26,4369,18755,optimal,4.995186982738543,0.07147075003013015
15000,2,26,4369,18760,optimal,4.99517948803238,0.08335024997359142
15150,0,26,4369,18683,optimal,4.970784735781793,0.09357849997468293
15150,1,26,4369,18763,optimal,4.970784626996625,0.07354166597360745
15150,2,26,4369,18723,optimal,4.970784407168907,0.07899974996689707
15300,0,26,4369,18728,optimal,4.948548686111904,0.09976712497882545
15300,1,26,4369,18748,optimal,4.948548618034237,0.08132145804120228
15300,2,26,4369,18742,optimal,4.9485484838463725,0.0767579170060344
15450,0,26,4369,18744,optimal,4.937896082411017,0.07717141701141372
15450,1,26,4369,18749,optimal,4.937896082411017,0.07030666701029986
15450,2,26,4369,18745,optimal,4.937896082411017,0.07046191702829674
15600,0,25,4201,17873,optimal,4.932353712562363,0.07649020798271522
15750,0,25,4201,17864,optimal,4.932353712562363,0.0790632080170326
15900,0,25,4201,17848,optimal,4.932353712562363,0.06875841598957777
16050,0,25,4201,17857,optimal,4.932353712562363,0.06647199997678399
16200,0,25,4201,17872,optimal,4.932353712562363,0.08380783395841718
16350,0,25,4001,16717,optimal,4.932353712562363,0.06408929196186364
16500,0,25,3651,15227,optimal,4.932353712562363,0.06888025003718212
16650,0,25,3301,13743,optimal,4.932353712562363,0.0690369579824619
16800,0,25,2951,12277,optimal,4.932353712562363,0.052726499969139695
16950,0,25,2601,10812,optimal,4.932353712562363,0.042664207983762026
17100,0,25,2251,9337,optimal,4.932353712562363,0.03898637497331947
17250,0,25,1901,7847,optimal,4.932353712562363,0.03252383403014392
17400,0,25,1551,6340,optimal,4.932353712562363,0.027601250039879233
17550,0,25,1201,4851,optimal,4.932353712562363,0.02116808301070705
17700,0,25,851,3378,optimal,4.932353712562363,0.015461916977073997
17850,0,25,501,1936,optimal,4.932353712562363,0.009633207984734327
18000,0,25,151,471,optimal,4.932353712562363,0.0027078749844804406
