t_s,level,iter,n_active,n_vars,n_rows,status,objective,wall_s
0,depth,0,8,3969,4624,optimal,9.84550389640081,0.8601068750140257
0,route,,8,727,3041,optimal,2638801274.7338414,0.00726075004786253
0,depth,1,8,3969,4624,optimal,9.84550389640081,0.859302208002191
150,depth,0,8,1345,4574,optimal,9.365922624191077,0.022926332952920347
150,route,,8,749,3392,optimal,2873910207.148574,0.008213792054448277
150,depth,1,8,1345,4578,optimal,9.367663807784865,0.020850959001109004
300,depth,0,8,1345,4884,optimal,8.771365077777308,0.021459790994413197
300,route,,8,783,3861,optimal,3225216795.3548107,0.008338749990798533
300,depth,1,8,1345,4908,optimal,8.775441925351515,0.02064899995457381
450,depth,0,8,1345,5234,optimal,8.291978135491567,0.022244166990276426
450,route,,8,815,4409,optimal,3645429747.248991,0.011429207981564105
450,depth,1,8,1345,5309,optimal,8.292610109875302,0.02289120899513364
600,depth,0,8,1345,5600,optimal,7.738196269805395,0.023551125021185726
600,route,,8,833,4918,optimal,3963937686.722509,0.010031374986283481
600,depth,1,8,1345,5709,optimal,7.738855507369599,0.021646917040925473
750,depth,0,8,1345,5970,optimal,7.233289545100512,0.027143459010403603
750,route,,8,795,5111,optimal,4035374050.0196414,0.011848541966173798
750,depth,1,8,1345,6079,optimal,7.233948782664716,0.028061292017810047
900,depth,0,8,1345,6333,optimal,6.905100969123635,0.023145665996707976
900,route,,8,753,5282,optimal,4089692636.636413,0.014064999995753169
900,depth,1,8,1345,6442,optimal,6.905760206687838,0.021983582992106676
1050,depth,0,8,1345,6683,optimal,6.597331051384764,0.022690916957799345
1050,route,,8,706,5379,optimal,4106665115.0752363,0.009994500025641173
1050,depth,1,8,1345,6788,optimal,6.597898906384165,0.022390833008103073
1200,depth,0,8,1345,7026,optimal,6.361505485341385,0.02377633296418935
1200,route,,8,654,5461,optimal,4078276690.2226253,0.010480666998773813
1200,depth,1,8,1345,7111,optimal,6.361767167755751,0.024448458047118038
1350,depth,0,8,1345,7370,optimal,6.15766398540222,0.027437750017270446
1350,route,,8,594,5386,optimal,4005077879.81917,0.01045608299318701
1350,depth,1,8,1345,7447,optimal,6.1576581463319915,0.03627291601151228
1500,depth,0,6,1009,5806,optimal,5.97658327652761,0.02421937498729676
1500,route,,6,541,5324,optimal,3902613203.540278,0.01382512500276789
1500,depth,1,6,1009,5861,optimal,5.9765579918121565,0.018717417027801275
1650,depth,0,6,1009,6004,optimal,5.85030734875445,0.019385749998036772
1650,route,,6,506,5304,optimal,3846800848.086748,0.009031000023242086
1650,depth,1,6,1009,6062,optimal,5.8502745610660964,0.018242084013763815
1800,depth,0,13,4809,9392,optimal,8.912290038427564,1.6401092080050148
1800,route,,13,1255,8027,optimal,95408752355.93187,0.016639041947200894
1800,depth,1,13,4809,10179,optimal,8.932873050592748,1.963949208962731
1800,route,,13,1260,8272,optimal,7368464945.8300295,0.01709329098230228
1800,depth,2,13,4809,10374,optimal,8.933018710557468,1.9512667499948293
1950,depth,0,13,2185,9419,optimal,8.775187810665933,0.045345666992943734
1950,route,,13,1237,8307,optimal,96677963003.51358,0.02048887498676777
1950,depth,1,13,2185,10348,optimal,8.790304301054757,0.04521166696213186
2100,depth,0,13,2185,9797,optimal,8.479993332943929,0.04193645901978016
2100,route,,13,1230,8636,optimal,96981229878.4478,0.019328499969560653
2100,depth,1,13,2185,10713,optimal,8.493023624042396,0.04736129200318828
2250,depth,0,12,2017,9344,optimal,8.047312175167882,0.041831874987110496
2250,route,,12,1219,8924,optimal,75025182385.48833,0.02286770800128579
2250,depth,1,12,2017,10273,optimal,8.064006707968293,0.03883362503256649
2400,depth,0,11,1849,8750,optimal,7.624471567262966,0.033041250018868595
2400,route,,11,1207,9318,optimal,52848762037.41488,0.018613125022966415
2400,depth,1,11,1849,9604,optimal,7.643728709133325,0.03469066595425829
2550,depth,0,11,1849,9100,optimal,7.218538346018795,0.03858312504598871
2550,route,,11,1192,9586,optimal,30409226554.803116,0.023959499958436936
2550,depth,1,11,1849,9815,optimal,7.233137057430367,0.034920333011541516
2700,depth,0,11,1849,9358,optimal,6.917898117344777,0.03385133302072063
2700,route,,11,1165,9703,optimal,7985929834.958137,0.018726915994193405
2700,depth,1,11,1849,10002,optimal,6.930191838108212,0.0346083749900572
2850,depth,0,11,1849,9568,optimal,6.653411334911513,0.034534917038399726
2850,route,,11,1136,9695,optimal,7690066136.212992,0.02037725003901869
2850,depth,1,11,1849,10125,optimal,6.665991680295773,0.038622291991487145
3000,depth,0,11,1849,9816,optimal,6.382624521924688,0.03401583299273625
3000,route,,11,1118,9878,optimal,7435740412.099351,0.02001366700278595
3000,depth,1,11,1849,10241,optimal,6.392385590344889,0.035118833009619266
3150,depth,0,10,1681,9114,optimal,6.14587907756756,0.03066641604527831
3150,route,,10,1113,10197,optimal,7400210689.199317,0.022707832977175713
3150,depth,1,10,1681,9387,optimal,6.152743423489637,0.03739662503357977
3300,depth,0,10,1681,9270,optimal,5.938086010489193,0.03106983401812613
3300,route,,10,1110,10474,optimal,7693263429.681334,0.028965167002752423
3300,depth,1,10,1681,9518,optimal,5.94206230214665,0.03464695799630135
3450,depth,0,10,1681,9399,optimal,5.754460837789799,0.03437341598328203
3450,route,,10,1092,10738,optimal,8070844079.482354,0.020823917002417147
3450,depth,1,10,1681,9666,optimal,5.7557009571131985,0.03322812501573935
3600,depth,0,18,5649,13476,optimal,10.174928313803994,1.1097924999776296
3600,route,,18,1887,13301,optimal,193183328157.41727,0.029449124995153397
3600,depth,1,18,5649,14711,optimal,10.211497694246887,1.1303568329894915
3750,depth,0,18,3025,13497,optimal,9.726140116521101,0.06561229203362018
3750,route,,18,1872,13732,optimal,194187562204.55222,0.038453708053566515
3750,depth,1,18,3025,15003,optimal,9.759191406471784,0.058952042018063366
3900,depth,0,18,3025,13811,optimal,9.161361580240023,0.05618983303429559
3900,route,,18,1828,13886,optimal,194975531188.42108,0.030153084022458643
3900,depth,1,18,3025,15589,optimal,9.194455226092138,0.06603337498381734
4050,depth,0,18,3025,14021,optimal,8.49134887916296,0.054841917008161545
4050,route,,18,1812,14314,optimal,153604747487.0678,0.030189833021722734
4050,depth,1,18,3025,16201,optimal,8.515793430548431,0.06802216597134247
4200,depth,0,18,3025,14239,optimal,7.921691627522071,0.07672375004040077
4200,route,,18,1783,14386,optimal,83726688230.22755,0.03597912495024502
4200,depth,1,18,3025,16696,optimal,7.936779996655038,0.06185954203829169
4350,depth,0,18,3025,14347,optimal,7.4436146089017035,0.053095584036782384
4350,route,,18,1721,13953,optimal,33867181220.351593,0.03056879196083173
4350,depth,1,18,3025,16598,optimal,7.447321719965765,0.06875579198822379
4500,depth,0,18,3025,14343,optimal,6.990149710458794,0.05521529196994379
4500,route,,18,1632,13309,optimal,31488129063.601604,0.02805141598219052
4500,depth,1,18,3025,16532,optimal,6.99219215650333,0.061206749989651144
4650,depth,0,17,2857,13473,optimal,6.6692492454160766,0.054537917021662
4650,route,,17,1564,12854,optimal,34436125324.745804,0.02731141704134643
4650,depth,1,17,2857,15515,optimal,6.6705689006784485,0.05527999997138977
4800,depth,0,17,2857,13425,optimal,6.347265133122867,0.05090254097012803
4800,route,,17,1513,12595,optimal,36403632399.253784,0.02795566600980237
4800,depth,1,17,2857,15177,optimal,6.348027165507869,0.05357037502108142
4950,depth,0,17,2857,13410,optimal,6.095320282003292,0.048873124993406236
4950,route,,17,1454,12427,optimal,26532111070.08927,0.02491729101166129
4950,depth,1,17,2857,14862,optimal,6.09576394914228,0.05233758297981694
5100,depth,0,17,2857,13378,optimal,5.865558631846397,0.05475262500112876
5100,route,,17,1400,12298,optimal,13529239858.748192,0.024541541992221028
5100,depth,1,17,2857,14706,optimal,5.86579128558902,0.05656454199925065
5250,depth,0,16,2689,12490,optimal,5.657061894002525,0.04548324999632314
5250,route,,16,1321,11897,optimal,10973061515.63722,0.02291387500008568
5250,depth,1,16,2689,13784,optimal,5.657250783001411,0.04648804198950529
5400,depth,0,23,6489,15541,optimal,10.363726188242346,2.1352403340279125
5400,route,,23,2115,14467,optimal,33983957225.7018,0.03627395798685029
5400,depth,1,23,6489,17112,optimal,10.371390182043392,2.0742857080185786
5550,depth,0,23,3865,15328,optimal,9.788465907357223,0.06588179204845801
5550,route,,23,2084,14575,optimal,14650856965.604502,0.030376416048966348
5550,depth,1,23,3865,16766,optimal,9.790155880824324,0.07439912500558421
5700,depth,0,23,3865,15431,optimal,9.099378857193916,0.06554083299124613
5700,route,,23,2029,14538,optimal,14346048257.23593,0.03045616700546816
5700,depth,1,23,3865,16805,optimal,9.101616627069188,0.06819424999412149
5850,depth,0,23,3865,15529,optimal,8.378772250787542,0.07229541701963171
5850,route,,23,1984,14335,optimal,22668914415.519115,0.030494417005684227
5850,depth,1,23,3865,16871,optimal,8.381132502553827,0.0669520830269903
6000,depth,0,23,3865,15567,optimal,7.726391879576899,0.07123791699996218
6000,route,,23,1961,14108,optimal,22186285904.392017,0.03125870804069564
6000,depth,1,23,3865,16943,optimal,7.727556269038251,0.07058645901270211
6150,depth,0,22,3697,15170,optimal,7.263424049824062,0.08061587502015755
6150,route,,22,1941,13945,optimal,22384189961.776756,0.029348708980251104
6150,depth,1,22,3697,16734,optimal,7.264209347623959,0.07363825000356883
6300,depth,0,22,3697,15237,optimal,6.867690907238854,0.0629892079741694
6300,route,,22,1928,13902,optimal,64640374671.3493,0.03653816704172641
6300,depth,1,22,3697,17096,optimal,6.868186317612775,0.06880533398361877
6450,depth,0,22,3697,15347,optimal,6.483473359672822,0.06397245801053941
6450,route,,22,1908,13809,optimal,42350807220.46628,0.03037533297901973
6450,depth,1,22,3697,17400,optimal,6.484009548849143,0.0727227910538204
6600,depth,0,21,3529,14420,optimal,6.168143612343813,0.05699354101670906
6600,route,,21,1885,13759,optimal,61148692703.68103,0.02984454098623246
6600,depth,1,21,3529,16490,optimal,6.1685382264206,0.06227154203224927
6750,depth,0,21,3529,14450,optimal,5.923273037357182,0.06297091697342694
6750,route,,21,1855,13634,optimal,29122718060.468918,0.03522949997568503
6750,depth,1,21,3529,16534,optimal,5.923558594399067,0.059711875044740736
6900,depth,0,21,3529,14517,optimal,5.714826844015429,0.05622391699580476
6900,route,,21,1790,13165,optimal,22667017820.651337,0.028629667009226978
6900,depth,1,21,3529,16499,optimal,5.715021386829224,0.06677400000626221
7050,depth,0,21,3529,14604,optimal,5.538005789265611,0.05654925003182143
7050,route,,21,1665,12205,optimal,27355215550.007645,0.03123349999077618
7050,depth,1,21,3529,16362,optimal,5.538136924623977,0.05907745799049735
7200,depth,0,29,7497,17912,optimal,10.154803990319277,1.337616957956925
7200,route,,29,2295,13354,optimal,214176443285.56363,0.03277379198698327
7200,depth,1,29,7497,20243,optimal,10.155862765877353,1.2034537500003353
7350,depth,0,29,4873,17812,optimal,9.553704951443084,0.08865095902001485
7350,route,,29,2181,12412,optimal,192592435178.54593,0.03037900000344962
7350,depth,1,29,4873,19878,optimal,9.565803949470157,0.08765704202232882
7500,depth,0,28,4705,17578,optimal,8.83353592731247,0.08367750002071261
7500,route,,28,2061,11394,optimal,136704030651.31564,0.02830133296083659
7500,depth,1,28,4705,19537,optimal,8.84974712021127,0.0822278750129044
7650,depth,0,27,4537,16705,optimal,8.13376926685482,0.08278229099232703
7650,route,,27,1970,10870,optimal,105665302284.46695,0.031865541997831315
7650,depth,1,27,4537,18276,optimal,8.149444552119713,0.07757783296983689
7800,depth,0,24,4033,14656,optimal,7.564488031249253,0.06409150001127273
7800,route,,24,1920,10735,optimal,92321804706.29236,0.02613416704116389
7800,depth,1,24,4033,15896,optimal,7.580019306875412,0.0726379580446519
7950,depth,0,24,4033,14803,optimal,7.085769183884238,0.06447974999900907
7950,route,,24,1902,10923,optimal,122948753990.74379,0.02598154201405123
7950,depth,1,24,4033,15788,optimal,7.0964590188558665,0.06671475002076477
8100,depth,0,23,3865,14540,optimal,6.715416497758878,0.06732733297394589
8100,route,,23,1872,11153,optimal,181453569372.23257,0.02688949997536838
8100,depth,1,23,3865,15250,optimal,6.722662734946677,0.06849450001027435
8250,depth,0,23,3865,14786,optimal,6.421111103566033,0.06577141699381173
8250,route,,23,1836,11384,optimal,230877037444.83545,0.02593341696774587
8250,depth,1,23,3865,15354,optimal,6.425896826657287,0.06284641701495275
8400,depth,0,23,3865,15179,optimal,6.134179669844623,0.07016541698249057
8400,route,,23,1794,11683,optimal,244105560539.51727,0.027830042003188282
8400,depth,1,23,3865,15811,optimal,6.135855032081618,0.06837908300803974
8550,depth,0,23,3865,15571,optimal,5.918989206011245,0.06365424999967217
8550,route,,23,1755,11907,optimal,253419187658.89038,0.03447249997407198
8550,depth,1,23,3865,16522,optimal,5.919233799320308,0.07617433299310505
8700,depth,0,23,3865,15941,optimal,5.7226056998822425,0.06939162500202656
8700,route,,23,1715,12076,optimal,286422603008.9131,0.02685016702162102
8700,depth,1,23,3865,17018,optimal,5.722621203022066,0.06535416597034782
8850,depth,0,21,3529,15428,optimal,5.55863145028949,0.06394183298107237
8850,route,,21,1644,12025,optimal,261662596385.38815,0.026249000045936555
8850,depth,1,21,3529,16631,optimal,5.558627839512185,0.06565091700758785
9000,depth,0,29,7497,19178,optimal,10.434432571239803,2.504689625056926
9000,route,,29,2331,14453,optimal,210421090706.55405,0.03385275002801791
9000,depth,1,29,7497,20753,optimal,10.445965622252869,1.6810901669668965
9000,route,,29,2351,14435,optimal,110482806774.4292,0.035122625005897135
9000,depth,2,29,7497,20965,optimal,10.44990919433298,2.051573707954958
9150,depth,0,28,4705,18490,optimal,9.67228984604973,0.0796434169751592
9150,route,,28,2299,14561,optimal,155454699541.60605,0.03316074999747798
9150,depth,1,28,4705,20136,optimal,9.68258003801491,0.09283462498569861
9300,depth,0,28,4705,18814,optimal,8.831262096581321,0.08261824998771772
9300,route,,28,2283,14832,optimal,170468112685.2911,0.03231808403506875
9300,depth,1,28,4705,20368,optimal,8.838044987659877,0.08401741698617116
9450,depth,0,28,4705,19305,optimal,8.055684115261021,0.09235612495103851
9450,route,,28,2285,15302,optimal,192883622077.7632,0.03398845798801631
9450,depth,1,28,4705,20720,optimal,8.05968967301403,0.08739762497134507
9600,depth,0,27,4537,19297,optimal,7.405618376118352,0.08487045904621482
9600,route,,27,2233,15413,optimal,169537512870.54675,0.0328632079763338
9600,depth,1,27,4537,20518,optimal,7.409421319071538,0.07998554199002683
9750,depth,0,27,4537,19762,optimal,6.942419478254831,0.0908751250244677
9750,route,,27,2159,15338,optimal,135650681550.2923,0.032420124975033104
9750,depth,1,27,4537,21103,optimal,6.954458200746284,0.08025770797394216
9900,depth,0,27,4537,20150,optimal,6.5587929933002105,0.09277716703945771
9900,route,,27,2079,15180,optimal,138805414066.93985,0.03328733303351328
9900,depth,1,27,4537,21896,optimal,6.561735117938937,0.0869487919844687
10050,depth,0,27,4537,20485,optimal,6.192985452773976,0.08670933300163597
10050,route,,27,1993,14864,optimal,151004454655.8029,0.034401040989905596
10050,depth,1,27,4537,22577,optimal,6.194456742488895,0.0934066660120152
10200,depth,0,27,4537,20680,optimal,5.91808831108195,0.07909495796775445
10200,route,,27,1908,14470,optimal,129518485715.21817,0.03377512498991564
10200,depth,1,27,4537,22982,optimal,5.919540371106809,0.08797520800726488
10350,depth,0,27,4537,20779,optimal,5.709676732713804,0.09814512502634898
10350,route,,27,1788,13867,optimal,154723181934.00842,0.0313319590059109
10350,depth,1,27,4537,22867,optimal,5.711012238102882,0.09392033400945365
10500,depth,0,24,4033,18730,optimal,5.527313793562876,0.06940912496065721
10500,route,,24,1681,13397,optimal,98804132727.34462,0.028623958001844585
10500,depth,1,24,4033,20333,optimal,5.5284864659732955,0.07209887501085177
10650,depth,0,24,4033,18820,optimal,5.403786948769798,0.08088420797139406
10650,route,,24,1585,12937,optimal,38320545753.43853,0.028873708040919155
10650,depth,1,24,4033,20001,optimal,5.404415583321244,0.07661624997854233
10800,depth,0,31,7833,21735,optimal,9.411780826480587,1.25590575003298
10800,route,,31,2274,14810,optimal,78643867389.77168,0.034079750010278076
10800,depth,1,31,7833,23638,optimal,9.438380760236793,1.1485885829897597
10950,depth,0,31,5209,21578,optimal,9.073989641135508,0.0918824999826029
10950,route,,31,2230,14715,optimal,156169752845.24454,0.03302916599204764
10950,depth,1,31,5209,23237,optimal,9.088171926166622,0.10331570799462497
11100,depth,0,29,4873,19960,optimal,8.467710261472806,0.08440912503283471
11100,route,,29,2166,14640,optimal,224812414185.24066,0.03277275001164526
11100,depth,1,29,4873,21376,optimal,8.469979910382953,0.08722537499852479
11250,depth,0,29,4873,20119,optimal,7.830321278552902,0.09788479097187519
11250,route,,29,2129,14844,optimal,181135944609.96317,0.03169195895316079
11250,depth,1,29,4873,21390,optimal,7.830528632486829,0.08748179202666506
11400,depth,0,27,4537,18711,optimal,7.3314521165177755,0.0829144999734126
11400,route,,27,2082,15008,optimal,108445075654.13152,0.03142524999566376
11400,depth,1,27,4537,20248,optimal,7.331452116517775,0.08218795899301767
11550,depth,0,27,4537,18882,optimal,6.880300866825147,0.0852722079725936
11550,route,,27,2047,15366,optimal,66594506121.19174,0.03249287500511855
11550,depth,1,27,4537,20748,optimal,6.880300866825149,0.08409091702196747
11700,depth,0,27,4537,18980,optimal,6.493007209375231,0.0876384160364978
11700,route,,27,2019,15537,optimal,62786318208.8008,0.03975462500238791
11700,depth,1,27,4537,21322,optimal,6.493014361725312,0.08431824995204806
11850,depth,0,26,4369,18264,optimal,6.214379776268972,0.07290824997471645
11850,route,,26,1991,15600,optimal,68979420841.29413,0.03319487499538809
11850,depth,1,26,4369,20697,optimal,6.214386928619052,0.0840055420412682
12000,depth,0,26,4369,18423,optimal,5.9769703486728964,0.07239783403929323
12000,route,,26,1962,15489,optimal,65444494808.58864,0.034673582995310426
12000,depth,1,26,4369,20731,optimal,5.978511539745454,0.09037495800293982
12150,depth,0,26,4369,18651,optimal,5.758286715867158,0.07949724997160956
12150,route,,26,1916,15406,optimal,72434558435.46494,0.03930387494619936
12150,depth,1,26,4369,21079,optimal,5.763631795603084,0.07758204196579754
12300,depth,0,26,4369,18826,optimal,5.560846744264074,0.07810870802495629
12300,route,,26,1847,15104,optimal,83719124619.03549,0.03344758303137496
12300,depth,1,26,4369,21104,optimal,5.566513276279625,0.086073792015668
12450,depth,0,25,4201,18166,optimal,5.395809335062918,0.07221474999096245
12450,route,,25,1775,14833,optimal,103470088910.63109,0.030223082983866334
12450,depth,1,25,4201,19998,optimal,5.401199184433894,0.0768348749843426
12600,depth,0,33,8169,21954,optimal,9.846801608475031,1.2376267499639653
12600,route,,33,2545,16897,optimal,295585681627.455,0.03981112502515316
12600,depth,1,33,8169,24346,optimal,9.882653474372066,1.1771639159996994
12600,route,,33,2551,16141,optimal,840068286249.1604,0.05013912497088313
12600,depth,2,33,8169,24801,optimal,9.882389716080272,0.855910208018031
12750,depth,0,32,5377,21172,optimal,9.25574131196321,0.0943475830135867
12750,route,,32,2500,16917,optimal,163513395162.81595,0.042874749982729554
12750,depth,1,32,5377,24422,optimal,9.284714624636031,0.10595320898573846
12900,depth,0,32,5377,21341,optimal,8.421701636855678,0.09386845800327137
12900,route,,32,2472,17131,optimal,174031907769.96234,0.04228400002466515
12900,depth,1,32,5377,24984,optimal,8.437138853049523,0.1129883750109002
13050,depth,0,30,5041,20342,optimal,7.695131311388694,0.08754070900613442
13050,route,,30,2444,17162,optimal,356429268794.17505,0.04416770796524361
13050,depth,1,30,5041,24101,optimal,7.696522287508756,0.10603825002908707
13200,depth,0,30,5041,20590,optimal,7.151347619060028,0.0933904999983497
13200,route,,30,2435,17256,optimal,558513466314.0084,0.040657624951563776
13200,depth,1,30,5041,24121,optimal,7.151661337865455,0.09818429197184741
13350,depth,0,30,5041,20780,optimal,6.657677599496623,0.09238670801278204
13350,route,,30,2416,17152,optimal,709607588639.7844,0.04683745902730152
13350,depth,1,30,5041,24194,optimal,6.657991948545948,0.09605608298443258
13500,depth,0,30,5041,20959,optimal,6.3020936192177475,0.09855229099048302
13500,route,,30,2345,16685,optimal,727672876881.3558,0.040280082961544394
13500,depth,1,30,5041,23707,optimal,6.3023975813884325,0.09430674999020994
13650,depth,0,30,5041,21174,optimal,5.998675895678332,0.09263649996137246
13650,route,,30,2272,16263,optimal,759259577402.9811,0.043794041965156794
13650,depth,1,30,5041,23380,optimal,5.998929405920559,0.09257108299061656
13800,depth,0,30,5041,21370,optimal,5.7416522972772235,0.0930810000281781
13800,route,,30,2164,15744,optimal,702891308025.679,0.03631229104939848
13800,depth,1,30,5041,23245,optimal,5.741912398595501,0.09843070799252018
13950,depth,0,30,5041,21495,optimal,5.535298563569988,0.08596675004810095
13950,route,,30,2028,15185,optimal,545701051294.4397,0.033862417039927095
13950,depth,1,30,5041,23336,optimal,5.535455039956479,0.09757774998433888
14100,depth,0,29,4873,20894,optimal,5.3536651059169476,0.08795554196694866
14100,route,,29,1918,14713,optimal,328006745469.22406,0.03276633395580575
14100,depth,1,29,4873,23131,optimal,5.3536958085549955,0.0938753749942407
14250,depth,0,27,4537,19826,optimal,5.246008584126934,0.09081141703063622
14250,route,,27,1845,14257,optimal,188724742665.99832,0.03378170798532665
14250,depth,1,27,4537,22368,optimal,5.246008584126935,0.08946049999212846
14400,depth,0,26,4369,19157,optimal,5.172513371287142,0.08898375002900138
14400,route,,26,1824,13972,optimal,190997972185.03464,0.03758795897010714
14400,depth,1,26,4369,21998,optimal,5.172511247534014,0.08720725000603124
14550,depth,0,26,4369,19211,optimal,5.1064473377629716,0.07904366601724178
14550,route,,26,1784,13771,optimal,217528354511.2656,0.033651583013124764
14550,depth,1,26,4369,21863,optimal,5.1064420801708605,0.09040837502107024
14700,depth,0,24,4033,17512,optimal,5.055991749933873,0.0660816669696942
14700,route,,24,1737,13649,optimal,211027688935.97684,0.03130095801316202
14700,depth,1,24,4033,19786,optimal,5.055985380130811,0.07801841601030901
14850,depth,0,24,4033,17472,optimal,5.017164636192386,0.06562033301452175
14850,route,,24,1696,13409,optimal,121476117615.10304,0.03080245800083503
14850,depth,1,24,4033,19449,optimal,5.017157992479452,0.07247808302054182
15000,depth,0,24,4033,17448,optimal,4.99372415224771,0.07218779204413295
15000,route,,24,1644,13090,optimal,68969243024.63635,0.028833042015321553
15000,depth,1,24,4033,19498,optimal,4.99371932686184,0.07752316701225936
15150,depth,0,24,4033,17409,optimal,4.97007828742783,0.06530666700564325
15150,route,,24,1600,12998,optimal,55669641947.53085,0.027270291990134865
15150,depth,1,24,4033,19396,optimal,4.9700740211672025,0.06950099999085069
15300,depth,0,24,4033,17435,optimal,4.948492939585439,0.07071329199243337
15300,route,,24,1550,12900,optimal,53793164994.45851,0.032340665988158435
15300,depth,1,24,4033,19137,optimal,4.948490232001077,0.06732991698663682
15450,depth,0,24,4033,17460,optimal,4.937876538619376,0.06369845801964402
15450,route,,24,1500,12663,optimal,63601982739.34065,0.02541404200019315
15450,depth,1,24,4033,18940,optimal,4.937876538619376,0.07359054201515391
15600,depth,0,23,3865,16611,optimal,4.932334168770722,0.05971520801540464
15600,route,,23,1493,12467,optimal,68586371872.84443,0.025096124969422817
15600,depth,1,23,3865,18057,optimal,4.932334168770722,0.06165129202418029
15750,depth,0,23,3865,16624,optimal,4.932334168770722,0.06734075001440942
15750,route,,23,1492,12219,optimal,55864671411.09338,0.02551620901795104
15750,depth,1,23,3865,18098,optimal,4.932334168770722,0.06842750002397224
15900,depth,0,23,3865,16634,optimal,4.932334168770722,0.061852832965087146
15900,route,,23,1490,11930,optimal,195431895116.50723,0.024886291997972876
15900,depth,1,23,3865,17737,optimal,4.932334168770722,0.06258145801257342
16050,depth,0,23,3865,16632,optimal,4.932334168770722,0.06830637500388548
16050,route,,23,1478,11675,optimal,198925681411.0286,0.02411216701148078
16050,depth,1,23,3865,17570,optimal,4.932334168770722,0.06687987502664328
16200,depth,0,23,3865,16630,optimal,4.932334168770722,0.059359207982197404
16200,route,,23,1458,11400,optimal,174793246439.0831,0.02307616703910753
16200,depth,1,23,3865,17515,optimal,4.932334168770722,0.05993529100669548
16350,depth,0,23,3681,15539,optimal,4.932334168770722,0.061769665975589305
16350,route,,23,1452,11104,optimal,159737548610.50305,0.02397024998208508
16350,depth,1,23,3681,16400,optimal,4.932334168770722,0.06392929202411324
16500,depth,0,23,3359,14142,optimal,4.932334168770722,0.0503710419870913
16500,route,,23,1448,11032,optimal,156472855947.9911,0.022169499949086457
16500,depth,1,23,3359,14776,optimal,4.932334168770722,0.051619375008158386
16650,depth,0,23,3037,12773,optimal,4.932334168770722,0.04819645802490413
16650,route,,23,1459,11186,optimal,127304050039.83853,0.023837915970943868
16650,depth,1,23,3037,13377,optimal,4.932334168770722,0.05099679104750976
16800,depth,0,23,2715,11411,optimal,4.932334168770722,0.040049417002592236
16800,route,,23,1475,11435,optimal,121057640445.67223,0.02219749998766929
16800,depth,1,23,2715,11933,optimal,4.932334168770722,0.04072166699916124
16950,depth,0,23,2393,10059,optimal,4.932334168770722,0.0353611659957096
16950,route,,23,1503,11710,optimal,10404112696.619225,0.022910624975338578
16950,depth,1,23,2393,10476,optimal,4.932334168770722,0.041840083023998886
17100,depth,0,23,2071,8695,optimal,4.932334168770722,0.030052625050302595
17100,route,,23,1524,12033,optimal,9333404029.170921,0.029508624982554466
17100,depth,1,23,2071,9054,optimal,4.932334168770722,0.030962084012571722
17250,depth,0,23,1749,7305,optimal,4.932334168770722,0.026314874994568527
17250,route,,23,1428,11268,optimal,8736717917.76274,0.0280485000112094
17250,depth,1,23,1749,7698,optimal,4.932334168770722,0.026461916975677013
17400,depth,0,23,1427,5896,optimal,4.932334168770722,0.021974166971631348
17400,route,,23,1252,9681,optimal,7777289213.293085,0.01927095901919529
17400,depth,1,23,1427,6292,optimal,4.932334168770722,0.02363708399934694
17550,depth,0,23,1105,4502,optimal,4.932334168770722,0.020905999990645796
17550,route,,23,1043,7869,optimal,25205594972.898678,0.016274333000183105
17550,depth,1,23,1105,4895,optimal,4.932334168770722,0.017779041023459285
17700,depth,0,23,783,3127,optimal,4.932334168770722,0.012167125009000301
17700,route,,23,757,5537,optimal,5017726906.2074795,0.011557916994206607
17700,depth,1,23,783,3413,optimal,4.932334168770722,0.011778292013332248
17850,depth,0,23,461,1792,optimal,4.932334168770722,0.006795166002120823
17850,route,,23,441,3166,optimal,2858266139.494597,0.007160375011153519
17850,depth,1,23,461,1968,optimal,4.932334168770722,0.0071497089811600745
18000,depth,0,23,139,435,optimal,4.932334168770722,0.0021169160027056932
18000,route,,23,90,647,optimal,541331870.2233905,0.0019210830214433372
18000,depth,1,23,139,467,optimal,4.932334168770722,0.002089541987515986
