t_s,ground_station,serving_sat,serving_el_deg,src_sat,path,hops,prop_delay_ms,reachable
0,Tokyo,1,22.48,0,0→1→6,2,44.0,True
0,Sao-Paulo,,,0,UNREACHABLE,,,False
10,Tokyo,1,24.21,0,0→1→6,2,43.813,True
10,Sao-Paulo,,,0,UNREACHABLE,,,False
20,Tokyo,1,26.06,0,0→1→6,2,43.631,True
20,Sao-Paulo,,,0,UNREACHABLE,,,False
30,Tokyo,1,28.04,0,0→1→6,2,43.455,True
30,Sao-Paulo,,,0,UNREACHABLE,,,False
40,Tokyo,1,30.16,0,0→1→6,2,43.285,True
40,Sao-Paulo,,,0,UNREACHABLE,,,False
50,Tokyo,1,32.42,0,0→1→6,2,43.124,True
50,Sao-Paulo,,,0,UNREACHABLE,,,False
60,Tokyo,1,34.8,0,0→1→6,2,42.972,True
60,Sao-Paulo,,,0,UNREACHABLE,,,False
70,Tokyo,1,37.29,0,0→1→6,2,42.831,True
70,Sao-Paulo,,,0,UNREACHABLE,,,False
80,Tokyo,1,39.85,0,0→1→6,2,42.702,True
80,Sao-Paulo,,,0,UNREACHABLE,,,False
90,Tokyo,1,42.42,0,0→1→6,2,42.587,True
90,Sao-Paulo,,,0,UNREACHABLE,,,False
100,Tokyo,1,44.88,0,0→1→6,2,42.489,True
100,Sao-Paulo,,,0,UNREACHABLE,,,False
110,Tokyo,1,47.11,0,0→1→6,2,42.41,True
110,Sao-Paulo,,,0,UNREACHABLE,,,False
120,Tokyo,1,48.93,0,0→1→6,2,42.35,True
120,Sao-Paulo,,,0,UNREACHABLE,,,False
130,Tokyo,1,50.17,0,0→1→6,2,42.312,True
130,Sao-Paulo,,,0,UNREACHABLE,,,False
140,Tokyo,1,50.68,0,0→1→6,2,42.298,True
140,Sao-Paulo,,,0,UNREACHABLE,,,False
150,Tokyo,1,50.39,0,0→1→6,2,42.306,True
150,Sao-Paulo,,,0,UNREACHABLE,,,False
160,Tokyo,1,49.34,0,0→1→6,2,42.337,True
160,Sao-Paulo,,,0,UNREACHABLE,,,False
170,Tokyo,1,47.66,0,0→1→6,2,42.391,True
170,Sao-Paulo,,,0,UNREACHABLE,,,False
180,Tokyo,1,45.52,0,0→1→6,2,42.466,True
180,Sao-Paulo,,,0,UNREACHABLE,,,False
190,Tokyo,1,43.11,0,0→1→6,2,42.559,True
190,Sao-Paulo,,,0,UNREACHABLE,,,False
200,Tokyo,1,40.56,0,0→1→6,2,42.669,True
200,Sao-Paulo,,,0,UNREACHABLE,,,False
210,Tokyo,1,37.99,0,0→1→6,2,42.794,True
210,Sao-Paulo,,,0,UNREACHABLE,,,False
220,Tokyo,1,35.47,0,0→1→6,2,42.932,True
220,Sao-Paulo,,,0,UNREACHABLE,,,False
230,Tokyo,1,33.05,0,0→1→6,2,43.082,True
230,Sao-Paulo,,,0,UNREACHABLE,,,False
240,Tokyo,1,30.76,0,0→1→6,2,43.241,True
240,Sao-Paulo,,,0,UNREACHABLE,,,False
250,Tokyo,1,28.6,0,0→1→6,2,43.408,True
250,Sao-Paulo,,,0,UNREACHABLE,,,False
260,Tokyo,1,26.58,0,0→1→6,2,43.583,True
260,Sao-Paulo,,,0,UNREACHABLE,,,False
270,Tokyo,1,24.69,0,0→1→6,2,43.763,True
270,Sao-Paulo,,,0,UNREACHABLE,,,False
280,Tokyo,1,22.93,0,0→1→6,2,43.949,True
280,Sao-Paulo,,,0,UNREACHABLE,,,False
290,Tokyo,1,21.28,0,0→1→6,2,44.14,True
290,Sao-Paulo,,,0,UNREACHABLE,,,False
300,Tokyo,1,19.74,0,0→1→6,2,44.334,True
300,Sao-Paulo,,,0,UNREACHABLE,,,False
310,Tokyo,1,18.3,0,0→1→6,2,44.532,True
310,Sao-Paulo,,,0,UNREACHABLE,,,False
320,Tokyo,1,16.94,0,0→1→6,2,44.733,True
320,Sao-Paulo,,,0,UNREACHABLE,,,False
330,Tokyo,1,15.67,0,0→1→6,2,44.937,True
330,Sao-Paulo,,,0,UNREACHABLE,,,False
340,Tokyo,1,14.47,0,0→1→6,2,45.142,True
340,Sao-Paulo,,,0,UNREACHABLE,,,False
350,Tokyo,1,13.33,0,0→1→6,2,45.35,True
350,Sao-Paulo,,,0,UNREACHABLE,,,False
360,Tokyo,1,12.25,0,0→1→6,2,45.56,True
360,Sao-Paulo,,,0,UNREACHABLE,,,False
370,Tokyo,1,11.23,0,0→1→6,2,45.771,True
370,Sao-Paulo,,,0,UNREACHABLE,,,False
380,Tokyo,1,10.26,0,0→1→6,2,45.983,True
380,Sao-Paulo,,,0,UNREACHABLE,,,False
390,Tokyo,,,0,UNREACHABLE,,,False
390,Sao-Paulo,,,0,UNREACHABLE,,,False
400,Tokyo,,,0,UNREACHABLE,,,False
400,Sao-Paulo,,,0,UNREACHABLE,,,False
410,Tokyo,,,0,UNREACHABLE,,,False
410,Sao-Paulo,,,0,UNREACHABLE,,,False
420,Tokyo,,,0,UNREACHABLE,,,False
420,Sao-Paulo,,,0,UNREACHABLE,,,False
430,Tokyo,,,0,UNREACHABLE,,,False
430,Sao-Paulo,,,0,UNREACHABLE,,,False
440,Tokyo,,,0,UNREACHABLE,,,False
440,Sao-Paulo,,,0,UNREACHABLE,,,False
450,Tokyo,,,0,UNREACHABLE,,,False
450,Sao-Paulo,,,0,UNREACHABLE,,,False
460,Tokyo,,,0,UNREACHABLE,,,False
460,Sao-Paulo,,,0,UNREACHABLE,,,False
470,Tokyo,,,0,UNREACHABLE,,,False
470,Sao-Paulo,,,0,UNREACHABLE,,,False
480,Tokyo,,,0,UNREACHABLE,,,False
480,Sao-Paulo,,,0,UNREACHABLE,,,False
490,Tokyo,,,0,UNREACHABLE,,,False
490,Sao-Paulo,,,0,UNREACHABLE,,,False
500,Tokyo,,,0,UNREACHABLE,,,False
500,Sao-Paulo,,,0,UNREACHABLE,,,False
510,Tokyo,,,0,UNREACHABLE,,,False
510,Sao-Paulo,,,0,UNREACHABLE,,,False
520,Tokyo,,,0,UNREACHABLE,,,False
520,Sao-Paulo,,,0,UNREACHABLE,,,False
530,Tokyo,,,0,UNREACHABLE,,,False
530,Sao-Paulo,,,0,UNREACHABLE,,,False
540,Tokyo,,,0,UNREACHABLE,,,False
540,Sao-Paulo,,,0,UNREACHABLE,,,False
550,Tokyo,,,0,UNREACHABLE,,,False
550,Sao-Paulo,,,0,UNREACHABLE,,,False
560,Tokyo,,,0,UNREACHABLE,,,False
560,Sao-Paulo,,,0,UNREACHABLE,,,False
570,Tokyo,,,0,UNREACHABLE,,,False
570,Sao-Paulo,,,0,UNREACHABLE,,,False
580,Tokyo,,,0,UNREACHABLE,,,False
580,Sao-Paulo,,,0,UNREACHABLE,,,False
590,Tokyo,,,0,UNREACHABLE,,,False
590,Sao-Paulo,,,0,UNREACHABLE,,,False
600,Tokyo,,,0,UNREACHABLE,,,False
600,Sao-Paulo,,,0,UNREACHABLE,,,False
610,Tokyo,,,0,UNREACHABLE,,,False
610,Sao-Paulo,,,0,UNREACHABLE,,,False
620,Tokyo,,,0,UNREACHABLE,,,False
620,Sao-Paulo,,,0,UNREACHABLE,,,False
630,Tokyo,,,0,UNREACHABLE,,,False
630,Sao-Paulo,,,0,UNREACHABLE,,,False
640,Tokyo,,,0,UNREACHABLE,,,False
640,Sao-Paulo,,,0,UNREACHABLE,,,False
650,Tokyo,,,0,UNREACHABLE,,,False
650,Sao-Paulo,,,0,UNREACHABLE,,,False
660,Tokyo,,,0,UNREACHABLE,,,False
660,Sao-Paulo,,,0,UNREACHABLE,,,False
670,Tokyo,,,0,UNREACHABLE,,,False
670,Sao-Paulo,,,0,UNREACHABLE,,,False
680,Tokyo,,,0,UNREACHABLE,,,False
680,Sao-Paulo,,,0,UNREACHABLE,,,False
690,Tokyo,,,0,UNREACHABLE,,,False
690,Sao-Paulo,,,0,UNREACHABLE,,,False
700,Tokyo,,,0,UNREACHABLE,,,False
700,Sao-Paulo,,,0,UNREACHABLE,,,False
710,Tokyo,,,0,UNREACHABLE,,,False
710,Sao-Paulo,,,0,UNREACHABLE,,,False
720,Tokyo,,,0,UNREACHABLE,,,False
720,Sao-Paulo,,,0,UNREACHABLE,,,False
730,Tokyo,,,0,UNREACHABLE,,,False
730,Sao-Paulo,,,0,UNREACHABLE,,,False
740,Tokyo,,,0,UNREACHABLE,,,False
740,Sao-Paulo,,,0,UNREACHABLE,,,False
750,Tokyo,,,0,UNREACHABLE,,,False
750,Sao-Paulo,,,0,UNREACHABLE,,,False
760,Tokyo,,,0,UNREACHABLE,,,False
760,Sao-Paulo,,,0,UNREACHABLE,,,False
770,Tokyo,,,0,UNREACHABLE,,,False
770,Sao-Paulo,,,0,UNREACHABLE,,,False
780,Tokyo,,,0,UNREACHABLE,,,False
780,Sao-Paulo,,,0,UNREACHABLE,,,False
790,Tokyo,,,0,UNREACHABLE,,,False
790,Sao-Paulo,,,0,UNREACHABLE,,,False
800,Tokyo,,,0,UNREACHABLE,,,False
800,Sao-Paulo,,,0,UNREACHABLE,,,False
810,Tokyo,,,0,UNREACHABLE,,,False
810,Sao-Paulo,,,0,UNREACHABLE,,,False
820,Tokyo,,,0,UNREACHABLE,,,False
820,Sao-Paulo,,,0,UNREACHABLE,,,False
830,Tokyo,,,0,UNREACHABLE,,,False
830,Sao-Paulo,,,0,UNREACHABLE,,,False
840,Tokyo,,,0,UNREACHABLE,,,False
840,Sao-Paulo,,,0,UNREACHABLE,,,False
850,Tokyo,,,0,UNREACHABLE,,,False
850,Sao-Paulo,,,0,UNREACHABLE,,,False
860,Tokyo,,,0,UNREACHABLE,,,False
860,Sao-Paulo,,,0,UNREACHABLE,,,False
870,Tokyo,,,0,UNREACHABLE,,,False
870,Sao-Paulo,,,0,UNREACHABLE,,,False
880,Tokyo,,,0,UNREACHABLE,,,False
880,Sao-Paulo,,,0,UNREACHABLE,,,False
890,Tokyo,,,0,UNREACHABLE,,,False
890,Sao-Paulo,,,0,UNREACHABLE,,,False
900,Tokyo,,,0,UNREACHABLE,,,False
900,Sao-Paulo,,,0,UNREACHABLE,,,False
910,Tokyo,,,0,UNREACHABLE,,,False
910,Sao-Paulo,,,0,UNREACHABLE,,,False
920,Tokyo,,,0,UNREACHABLE,,,False
920,Sao-Paulo,,,0,UNREACHABLE,,,False
930,Tokyo,,,0,UNREACHABLE,,,False
930,Sao-Paulo,,,0,UNREACHABLE,,,False
940,Tokyo,,,0,UNREACHABLE,,,False
940,Sao-Paulo,,,0,UNREACHABLE,,,False
950,Tokyo,,,0,UNREACHABLE,,,False
950,Sao-Paulo,,,0,UNREACHABLE,,,False
960,Tokyo,,,0,UNREACHABLE,,,False
960,Sao-Paulo,,,0,UNREACHABLE,,,False
970,Tokyo,,,0,UNREACHABLE,,,False
970,Sao-Paulo,,,0,UNREACHABLE,,,False
980,Tokyo,,,0,UNREACHABLE,,,False
980,Sao-Paulo,,,0,UNREACHABLE,,,False
990,Tokyo,,,0,UNREACHABLE,,,False
990,Sao-Paulo,,,0,UNREACHABLE,,,False
1000,Tokyo,,,0,UNREACHABLE,,,False
1000,Sao-Paulo,,,0,UNREACHABLE,,,False
1010,Tokyo,,,0,UNREACHABLE,,,False
1010,Sao-Paulo,,,0,UNREACHABLE,,,False
1020,Tokyo,,,0,UNREACHABLE,,,False
1020,Sao-Paulo,,,0,UNREACHABLE,,,False
1030,Tokyo,,,0,UNREACHABLE,,,False
1030,Sao-Paulo,,,0,UNREACHABLE,,,False
1040,Tokyo,,,0,UNREACHABLE,,,False
1040,Sao-Paulo,,,0,UNREACHABLE,,,False
1050,Tokyo,,,0,UNREACHABLE,,,False
1050,Sao-Paulo,,,0,UNREACHABLE,,,False
1060,Tokyo,,,0,UNREACHABLE,,,False
1060,Sao-Paulo,,,0,UNREACHABLE,,,False
1070,Tokyo,,,0,UNREACHABLE,,,False
1070,Sao-Paulo,,,0,UNREACHABLE,,,False
1080,Tokyo,,,0,UNREACHABLE,,,False
1080,Sao-Paulo,,,0,UNREACHABLE,,,False
1090,Tokyo,,,0,UNREACHABLE,,,False
1090,Sao-Paulo,,,0,UNREACHABLE,,,False
1100,Tokyo,,,0,UNREACHABLE,,,False
1100,Sao-Paulo,,,0,UNREACHABLE,,,False
1110,Tokyo,,,0,UNREACHABLE,,,False
1110,Sao-Paulo,,,0,UNREACHABLE,,,False
1120,Tokyo,,,0,UNREACHABLE,,,False
1120,Sao-Paulo,,,0,UNREACHABLE,,,False
1130,Tokyo,,,0,UNREACHABLE,,,False
1130,Sao-Paulo,2,10.15,0,0→2→7,2,46.007,True
1140,Tokyo,,,0,UNREACHABLE,,,False
1140,Sao-Paulo,2,10.41,0,0→2→7,2,45.948,True
1150,Tokyo,,,0,UNREACHABLE,,,False
1150,Sao-Paulo,2,10.64,0,0→2→7,2,45.898,True
1160,Tokyo,,,0,UNREACHABLE,,,False
1160,Sao-Paulo,2,10.83,0,0→2→7,2,45.856,True
1170,Tokyo,,,0,UNREACHABLE,,,False
1170,Sao-Paulo,2,10.99,0,0→2→7,2,45.823,True
1180,Tokyo,,,0,UNREACHABLE,,,False
1180,Sao-Paulo,2,11.1,0,0→2→7,2,45.798,True
1190,Tokyo,,,0,UNREACHABLE,,,False
1190,Sao-Paulo,2,11.18,0,0→2→7,2,45.782,True
1200,Tokyo,,,0,UNREACHABLE,,,False
1200,Sao-Paulo,2,11.21,0,0→2→7,2,45.775,True
1210,Tokyo,,,0,UNREACHABLE,,,False
1210,Sao-Paulo,2,11.2,0,0→2→7,2,45.777,True
1220,Tokyo,,,0,UNREACHABLE,,,False
1220,Sao-Paulo,2,11.15,0,0→2→7,2,45.787,True
1230,Tokyo,,,0,UNREACHABLE,,,False
1230,Sao-Paulo,2,11.06,0,0→2→7,2,45.807,True
1240,Tokyo,,,0,UNREACHABLE,,,False
1240,Sao-Paulo,2,10.93,0,0→2→7,2,45.835,True
1250,Tokyo,,,0,UNREACHABLE,,,False
1250,Sao-Paulo,2,10.76,0,0→2→7,2,45.873,True
1260,Tokyo,,,0,UNREACHABLE,,,False
1260,Sao-Paulo,2,10.55,0,0→2→7,2,45.918,True
1270,Tokyo,,,0,UNREACHABLE,,,False
1270,Sao-Paulo,2,10.3,0,0→2→7,2,45.972,True
1280,Tokyo,,,0,UNREACHABLE,,,False
1280,Sao-Paulo,2,10.03,0,0→2→7,2,46.034,True
1290,Tokyo,,,0,UNREACHABLE,,,False
1290,Sao-Paulo,,,0,UNREACHABLE,,,False
1300,Tokyo,,,0,UNREACHABLE,,,False
1300,Sao-Paulo,,,0,UNREACHABLE,,,False
1310,Tokyo,,,0,UNREACHABLE,,,False
1310,Sao-Paulo,,,0,UNREACHABLE,,,False
1320,Tokyo,,,0,UNREACHABLE,,,False
1320,Sao-Paulo,,,0,UNREACHABLE,,,False
1330,Tokyo,,,0,UNREACHABLE,,,False
1330,Sao-Paulo,,,0,UNREACHABLE,,,False
1340,Tokyo,,,0,UNREACHABLE,,,False
1340,Sao-Paulo,,,0,UNREACHABLE,,,False
1350,Tokyo,,,0,UNREACHABLE,,,False
1350,Sao-Paulo,,,0,UNREACHABLE,,,False
1360,Tokyo,,,0,UNREACHABLE,,,False
1360,Sao-Paulo,,,0,UNREACHABLE,,,False
1370,Tokyo,,,0,UNREACHABLE,,,False
1370,Sao-Paulo,,,0,UNREACHABLE,,,False
1380,Tokyo,,,0,UNREACHABLE,,,False
1380,Sao-Paulo,,,0,UNREACHABLE,,,False
1390,Tokyo,,,0,UNREACHABLE,,,False
1390,Sao-Paulo,,,0,UNREACHABLE,,,False
1400,Tokyo,,,0,UNREACHABLE,,,False
1400,Sao-Paulo,,,0,UNREACHABLE,,,False
1410,Tokyo,,,0,UNREACHABLE,,,False
1410,Sao-Paulo,,,0,UNREACHABLE,,,False
1420,Tokyo,,,0,UNREACHABLE,,,False
1420,Sao-Paulo,,,0,UNREACHABLE,,,False
1430,Tokyo,,,0,UNREACHABLE,,,False
1430,Sao-Paulo,,,0,UNREACHABLE,,,False
1440,Tokyo,,,0,UNREACHABLE,,,False
1440,Sao-Paulo,,,0,UNREACHABLE,,,False
1450,Tokyo,,,0,UNREACHABLE,,,False
1450,Sao-Paulo,,,0,UNREACHABLE,,,False
1460,Tokyo,,,0,UNREACHABLE,,,False
1460,Sao-Paulo,,,0,UNREACHABLE,,,False
1470,Tokyo,,,0,UNREACHABLE,,,False
1470,Sao-Paulo,,,0,UNREACHABLE,,,False
1480,Tokyo,,,0,UNREACHABLE,,,False
1480,Sao-Paulo,,,0,UNREACHABLE,,,False
1490,Tokyo,,,0,UNREACHABLE,,,False
1490,Sao-Paulo,,,0,UNREACHABLE,,,False
1500,Tokyo,,,0,UNREACHABLE,,,False
1500,Sao-Paulo,,,0,UNREACHABLE,,,False
1510,Tokyo,,,0,UNREACHABLE,,,False
1510,Sao-Paulo,,,0,UNREACHABLE,,,False
1520,Tokyo,,,0,UNREACHABLE,,,False
1520,Sao-Paulo,,,0,UNREACHABLE,,,False
1530,Tokyo,,,0,UNREACHABLE,,,False
1530,Sao-Paulo,,,0,UNREACHABLE,,,False
1540,Tokyo,,,0,UNREACHABLE,,,False
1540,Sao-Paulo,,,0,UNREACHABLE,,,False
1550,Tokyo,,,0,UNREACHABLE,,,False
1550,Sao-Paulo,,,0,UNREACHABLE,,,False
1560,Tokyo,,,0,UNREACHABLE,,,False
1560,Sao-Paulo,,,0,UNREACHABLE,,,False
1570,Tokyo,,,0,UNREACHABLE,,,False
1570,Sao-Paulo,,,0,UNREACHABLE,,,False
1580,Tokyo,,,0,UNREACHABLE,,,False
1580,Sao-Paulo,,,0,UNREACHABLE,,,False
1590,Tokyo,,,0,UNREACHABLE,,,False
1590,Sao-Paulo,,,0,UNREACHABLE,,,False
1600,Tokyo,,,0,UNREACHABLE,,,False
1600,Sao-Paulo,,,0,UNREACHABLE,,,False
1610,Tokyo,,,0,UNREACHABLE,,,False
1610,Sao-Paulo,,,0,UNREACHABLE,,,False
1620,Tokyo,,,0,UNREACHABLE,,,False
1620,Sao-Paulo,,,0,UNREACHABLE,,,False
1630,Tokyo,,,0,UNREACHABLE,,,False
1630,Sao-Paulo,,,0,UNREACHABLE,,,False
1640,Tokyo,,,0,UNREACHABLE,,,False
1640,Sao-Paulo,,,0,UNREACHABLE,,,False
1650,Tokyo,,,0,UNREACHABLE,,,False
1650,Sao-Paulo,,,0,UNREACHABLE,,,False
1660,Tokyo,,,0,UNREACHABLE,,,False
1660,Sao-Paulo,,,0,UNREACHABLE,,,False
1670,Tokyo,,,0,UNREACHABLE,,,False
1670,Sao-Paulo,,,0,UNREACHABLE,,,False
1680,Tokyo,,,0,UNREACHABLE,,,False
1680,Sao-Paulo,,,0,UNREACHABLE,,,False
1690,Tokyo,,,0,UNREACHABLE,,,False
1690,Sao-Paulo,,,0,UNREACHABLE,,,False
1700,Tokyo,,,0,UNREACHABLE,,,False
1700,Sao-Paulo,,,0,UNREACHABLE,,,False
1710,Tokyo,,,0,UNREACHABLE,,,False
1710,Sao-Paulo,,,0,UNREACHABLE,,,False
1720,Tokyo,,,0,UNREACHABLE,,,False
1720,Sao-Paulo,,,0,UNREACHABLE,,,False
1730,Tokyo,,,0,UNREACHABLE,,,False
1730,Sao-Paulo,,,0,UNREACHABLE,,,False
1740,Tokyo,,,0,UNREACHABLE,,,False
1740,Sao-Paulo,,,0,UNREACHABLE,,,False
1750,Tokyo,,,0,UNREACHABLE,,,False
1750,Sao-Paulo,,,0,UNREACHABLE,,,False
1760,Tokyo,,,0,UNREACHABLE,,,False
1760,Sao-Paulo,,,0,UNREACHABLE,,,False
1770,Tokyo,,,0,UNREACHABLE,,,False
1770,Sao-Paulo,,,0,UNREACHABLE,,,False
1780,Tokyo,,,0,UNREACHABLE,,,False
1780,Sao-Paulo,,,0,UNREACHABLE,,,False
1790,Tokyo,,,0,UNREACHABLE,,,False
1790,Sao-Paulo,,,0,UNREACHABLE,,,False
1800,Tokyo,,,0,UNREACHABLE,,,False
1800,Sao-Paulo,,,0,UNREACHABLE,,,False
1810,Tokyo,,,0,UNREACHABLE,,,False
1810,Sao-Paulo,,,0,UNREACHABLE,,,False
1820,Tokyo,,,0,UNREACHABLE,,,False
1820,Sao-Paulo,,,0,UNREACHABLE,,,False
1830,Tokyo,,,0,UNREACHABLE,,,False
1830,Sao-Paulo,,,0,UNREACHABLE,,,False
1840,Tokyo,,,0,UNREACHABLE,,,False
1840,Sao-Paulo,,,0,UNREACHABLE,,,False
1850,Tokyo,,,0,UNREACHABLE,,,False
1850,Sao-Paulo,,,0,UNREACHABLE,,,False
1860,Tokyo,,,0,UNREACHABLE,,,False
1860,Sao-Paulo,,,0,UNREACHABLE,,,False
1870,Tokyo,,,0,UNREACHABLE,,,False
1870,Sao-Paulo,,,0,UNREACHABLE,,,False
1880,Tokyo,,,0,UNREACHABLE,,,False
1880,Sao-Paulo,,,0,UNREACHABLE,,,False
1890,Tokyo,0,10.69,0,0→6,1,5.902,True
1890,Sao-Paulo,,,0,UNREACHABLE,,,False
1900,Tokyo,0,11.72,0,0→6,1,5.682,True
1900,Sao-Paulo,,,0,UNREACHABLE,,,False
1910,Tokyo,0,12.81,0,0→6,1,5.464,True
1910,Sao-Paulo,,,0,UNREACHABLE,,,False
1920,Tokyo,0,13.97,0,0→6,1,5.246,True
1920,Sao-Paulo,,,0,UNREACHABLE,,,False
1930,Tokyo,0,15.2,0,0→6,1,5.03,True
1930,Sao-Paulo,,,0,UNREACHABLE,,,False
1940,Tokyo,0,16.51,0,0→6,1,4.815,True
1940,Sao-Paulo,,,0,UNREACHABLE,,,False
1950,Tokyo,0,17.92,0,0→6,1,4.602,True
1950,Sao-Paulo,,,0,UNREACHABLE,,,False
1960,Tokyo,0,19.43,0,0→6,1,4.39,True
1960,Sao-Paulo,,,0,UNREACHABLE,,,False
1970,Tokyo,0,21.06,0,0→6,1,4.181,True
1970,Sao-Paulo,,,0,UNREACHABLE,,,False
1980,Tokyo,0,22.84,0,0→6,1,3.974,True
1980,Sao-Paulo,,,0,UNREACHABLE,,,False
1990,Tokyo,0,24.77,0,0→6,1,3.769,True
1990,Sao-Paulo,,,0,UNREACHABLE,,,False
2000,Tokyo,0,26.89,0,0→6,1,3.569,True
2000,Sao-Paulo,,,0,UNREACHABLE,,,False
2010,Tokyo,0,29.22,0,0→6,1,3.372,True
2010,Sao-Paulo,,,0,UNREACHABLE,,,False
2020,Tokyo,0,31.8,0,0→6,1,3.18,True
2020,Sao-Paulo,,,0,UNREACHABLE,,,False
2030,Tokyo,0,34.66,0,0→6,1,2.994,True
2030,Sao-Paulo,,,0,UNREACHABLE,,,False
2040,Tokyo,0,37.85,0,0→6,1,2.815,True
2040,Sao-Paulo,,,0,UNREACHABLE,,,False
2050,Tokyo,0,41.42,0,0→6,1,2.644,True
2050,Sao-Paulo,,,0,UNREACHABLE,,,False
2060,Tokyo,0,45.41,0,0→6,1,2.484,True
2060,Sao-Paulo,,,0,UNREACHABLE,,,False
2070,Tokyo,0,49.87,0,0→6,1,2.335,True
2070,Sao-Paulo,,,0,UNREACHABLE,,,False
2080,Tokyo,0,54.83,0,0→6,1,2.202,True
2080,Sao-Paulo,,,0,UNREACHABLE,,,False
2090,Tokyo,0,60.28,0,0→6,1,2.086,True
2090,Sao-Paulo,,,0,UNREACHABLE,,,False
2100,Tokyo,0,66.16,0,0→6,1,1.99,True
2100,Sao-Paulo,,,0,UNREACHABLE,,,False
2110,Tokyo,0,72.21,0,0→6,1,1.919,True
2110,Sao-Paulo,,,0,UNREACHABLE,,,False
2120,Tokyo,0,77.73,0,0→6,1,1.874,True
2120,Sao-Paulo,,,0,UNREACHABLE,,,False
2130,Tokyo,0,80.62,0,0→6,1,1.857,True
2130,Sao-Paulo,,,0,UNREACHABLE,,,False
2140,Tokyo,0,78.33,0,0→6,1,1.87,True
2140,Sao-Paulo,,,0,UNREACHABLE,,,False
2150,Tokyo,0,72.98,0,0→6,1,1.912,True
2150,Sao-Paulo,,,0,UNREACHABLE,,,False
2160,Tokyo,0,66.94,0,0→6,1,1.98,True
2160,Sao-Paulo,,,0,UNREACHABLE,,,False
2170,Tokyo,0,61.03,0,0→6,1,2.072,True
2170,Sao-Paulo,,,0,UNREACHABLE,,,False
2180,Tokyo,0,55.51,0,0→6,1,2.186,True
2180,Sao-Paulo,,,0,UNREACHABLE,,,False
2190,Tokyo,0,50.48,0,0→6,1,2.317,True
2190,Sao-Paulo,,,0,UNREACHABLE,,,False
2200,Tokyo,0,45.96,0,0→6,1,2.464,True
2200,Sao-Paulo,,,0,UNREACHABLE,,,False
2210,Tokyo,0,41.91,0,0→6,1,2.623,True
2210,Sao-Paulo,,,0,UNREACHABLE,,,False
2220,Tokyo,0,38.29,0,0→6,1,2.792,True
2220,Sao-Paulo,,,0,UNREACHABLE,,,False
2230,Tokyo,0,35.05,0,0→6,1,2.971,True
2230,Sao-Paulo,,,0,UNREACHABLE,,,False
2240,Tokyo,0,32.15,0,0→6,1,3.156,True
2240,Sao-Paulo,,,0,UNREACHABLE,,,False
2250,Tokyo,0,29.54,0,0→6,1,3.347,True
2250,Sao-Paulo,,,0,UNREACHABLE,,,False
2260,Tokyo,0,27.18,0,0→6,1,3.543,True
2260,Sao-Paulo,,,0,UNREACHABLE,,,False
2270,Tokyo,0,25.03,0,0→6,1,3.744,True
2270,Sao-Paulo,,,0,UNREACHABLE,,,False
2280,Tokyo,0,23.08,0,0→6,1,3.947,True
2280,Sao-Paulo,,,0,UNREACHABLE,,,False
2290,Tokyo,0,21.28,0,0→6,1,4.154,True
2290,Sao-Paulo,,,0,UNREACHABLE,,,False
2300,Tokyo,0,19.63,0,0→6,1,4.364,True
2300,Sao-Paulo,,,0,UNREACHABLE,,,False
2310,Tokyo,0,18.1,0,0→6,1,4.575,True
2310,Sao-Paulo,,,0,UNREACHABLE,,,False
2320,Tokyo,0,16.68,0,0→6,1,4.788,True
2320,Sao-Paulo,,,0,UNREACHABLE,,,False
2330,Tokyo,0,15.36,0,0→6,1,5.003,True
2330,Sao-Paulo,,,0,UNREACHABLE,,,False
2340,Tokyo,0,14.11,0,0→6,1,5.219,True
2340,Sao-Paulo,,,0,UNREACHABLE,,,False
2350,Tokyo,0,12.95,0,0→6,1,5.437,True
2350,Sao-Paulo,,,0,UNREACHABLE,,,False
2360,Tokyo,0,11.85,0,0→6,1,5.655,True
2360,Sao-Paulo,,,0,UNREACHABLE,,,False
2370,Tokyo,0,10.81,0,0→6,1,5.875,True
2370,Sao-Paulo,,,0,UNREACHABLE,,,False
2380,Tokyo,,,0,UNREACHABLE,,,False
2380,Sao-Paulo,,,0,UNREACHABLE,,,False
2390,Tokyo,,,0,UNREACHABLE,,,False
2390,Sao-Paulo,,,0,UNREACHABLE,,,False
2400,Tokyo,,,0,UNREACHABLE,,,False
2400,Sao-Paulo,,,0,UNREACHABLE,,,False
2410,Tokyo,,,0,UNREACHABLE,,,False
2410,Sao-Paulo,,,0,UNREACHABLE,,,False
2420,Tokyo,,,0,UNREACHABLE,,,False
2420,Sao-Paulo,,,0,UNREACHABLE,,,False
2430,Tokyo,,,0,UNREACHABLE,,,False
2430,Sao-Paulo,,,0,UNREACHABLE,,,False
2440,Tokyo,,,0,UNREACHABLE,,,False
2440,Sao-Paulo,,,0,UNREACHABLE,,,False
2450,Tokyo,,,0,UNREACHABLE,,,False
2450,Sao-Paulo,,,0,UNREACHABLE,,,False
2460,Tokyo,,,0,UNREACHABLE,,,False
2460,Sao-Paulo,,,0,UNREACHABLE,,,False
2470,Tokyo,,,0,UNREACHABLE,,,False
2470,Sao-Paulo,,,0,UNREACHABLE,,,False
2480,Tokyo,,,0,UNREACHABLE,,,False
2480,Sao-Paulo,,,0,UNREACHABLE,,,False
2490,Tokyo,,,0,UNREACHABLE,,,False
2490,Sao-Paulo,,,0,UNREACHABLE,,,False
2500,Tokyo,,,0,UNREACHABLE,,,False
2500,Sao-Paulo,,,0,UNREACHABLE,,,False
2510,Tokyo,,,0,UNREACHABLE,,,False
2510,Sao-Paulo,,,0,UNREACHABLE,,,False
2520,Tokyo,,,0,UNREACHABLE,,,False
2520,Sao-Paulo,,,0,UNREACHABLE,,,False
2530,Tokyo,,,0,UNREACHABLE,,,False
2530,Sao-Paulo,,,0,UNREACHABLE,,,False
2540,Tokyo,,,0,UNREACHABLE,,,False
2540,Sao-Paulo,,,0,UNREACHABLE,,,False
2550,Tokyo,,,0,UNREACHABLE,,,False
2550,Sao-Paulo,,,0,UNREACHABLE,,,False
2560,Tokyo,,,0,UNREACHABLE,,,False
2560,Sao-Paulo,,,0,UNREACHABLE,,,False
2570,Tokyo,,,0,UNREACHABLE,,,False
2570,Sao-Paulo,,,0,UNREACHABLE,,,False
2580,Tokyo,,,0,UNREACHABLE,,,False
2580,Sao-Paulo,,,0,UNREACHABLE,,,False
2590,Tokyo,,,0,UNREACHABLE,,,False
2590,Sao-Paulo,,,0,UNREACHABLE,,,False
2600,Tokyo,,,0,UNREACHABLE,,,False
2600,Sao-Paulo,,,0,UNREACHABLE,,,False
2610,Tokyo,,,0,UNREACHABLE,,,False
2610,Sao-Paulo,,,0,UNREACHABLE,,,False
2620,Tokyo,,,0,UNREACHABLE,,,False
2620,Sao-Paulo,,,0,UNREACHABLE,,,False
2630,Tokyo,,,0,UNREACHABLE,,,False
2630,Sao-Paulo,,,0,UNREACHABLE,,,False
2640,Tokyo,,,0,UNREACHABLE,,,False
2640,Sao-Paulo,,,0,UNREACHABLE,,,False
2650,Tokyo,,,0,UNREACHABLE,,,False
2650,Sao-Paulo,,,0,UNREACHABLE,,,False
2660,Tokyo,,,0,UNREACHABLE,,,False
2660,Sao-Paulo,,,0,UNREACHABLE,,,False
2670,Tokyo,,,0,UNREACHABLE,,,False
2670,Sao-Paulo,,,0,UNREACHABLE,,,False
2680,Tokyo,,,0,UNREACHABLE,,,False
2680,Sao-Paulo,,,0,UNREACHABLE,,,False
2690,Tokyo,,,0,UNREACHABLE,,,False
2690,Sao-Paulo,,,0,UNREACHABLE,,,False
2700,Tokyo,,,0,UNREACHABLE,,,False
2700,Sao-Paulo,,,0,UNREACHABLE,,,False
2710,Tokyo,,,0,UNREACHABLE,,,False
2710,Sao-Paulo,,,0,UNREACHABLE,,,False
2720,Tokyo,,,0,UNREACHABLE,,,False
2720,Sao-Paulo,,,0,UNREACHABLE,,,False
2730,Tokyo,,,0,UNREACHABLE,,,False
2730,Sao-Paulo,,,0,UNREACHABLE,,,False
2740,Tokyo,,,0,UNREACHABLE,,,False
2740,Sao-Paulo,,,0,UNREACHABLE,,,False
2750,Tokyo,,,0,UNREACHABLE,,,False
2750,Sao-Paulo,,,0,UNREACHABLE,,,False
2760,Tokyo,,,0,UNREACHABLE,,,False
2760,Sao-Paulo,,,0,UNREACHABLE,,,False
2770,Tokyo,,,0,UNREACHABLE,,,False
2770,Sao-Paulo,,,0,UNREACHABLE,,,False
2780,Tokyo,,,0,UNREACHABLE,,,False
2780,Sao-Paulo,,,0,UNREACHABLE,,,False
2790,Tokyo,,,0,UNREACHABLE,,,False
2790,Sao-Paulo,,,0,UNREACHABLE,,,False
2800,Tokyo,,,0,UNREACHABLE,,,False
2800,Sao-Paulo,,,0,UNREACHABLE,,,False
2810,Tokyo,,,0,UNREACHABLE,,,False
2810,Sao-Paulo,,,0,UNREACHABLE,,,False
2820,Tokyo,,,0,UNREACHABLE,,,False
2820,Sao-Paulo,,,0,UNREACHABLE,,,False
2830,Tokyo,,,0,UNREACHABLE,,,False
2830,Sao-Paulo,,,0,UNREACHABLE,,,False
2840,Tokyo,,,0,UNREACHABLE,,,False
2840,Sao-Paulo,,,0,UNREACHABLE,,,False
2850,Tokyo,,,0,UNREACHABLE,,,False
2850,Sao-Paulo,,,0,UNREACHABLE,,,False
2860,Tokyo,,,0,UNREACHABLE,,,False
2860,Sao-Paulo,,,0,UNREACHABLE,,,False
2870,Tokyo,,,0,UNREACHABLE,,,False
2870,Sao-Paulo,,,0,UNREACHABLE,,,False
2880,Tokyo,,,0,UNREACHABLE,,,False
2880,Sao-Paulo,,,0,UNREACHABLE,,,False
2890,Tokyo,,,0,UNREACHABLE,,,False
2890,Sao-Paulo,,,0,UNREACHABLE,,,False
2900,Tokyo,,,0,UNREACHABLE,,,False
2900,Sao-Paulo,,,0,UNREACHABLE,,,False
2910,Tokyo,,,0,UNREACHABLE,,,False
2910,Sao-Paulo,,,0,UNREACHABLE,,,False
2920,Tokyo,,,0,UNREACHABLE,,,False
2920,Sao-Paulo,,,0,UNREACHABLE,,,False
2930,Tokyo,,,0,UNREACHABLE,,,False
2930,Sao-Paulo,,,0,UNREACHABLE,,,False
2940,Tokyo,,,0,UNREACHABLE,,,False
2940,Sao-Paulo,,,0,UNREACHABLE,,,False
2950,Tokyo,,,0,UNREACHABLE,,,False
2950,Sao-Paulo,,,0,UNREACHABLE,,,False
2960,Tokyo,,,0,UNREACHABLE,,,False
2960,Sao-Paulo,,,0,UNREACHABLE,,,False
2970,Tokyo,,,0,UNREACHABLE,,,False
2970,Sao-Paulo,,,0,UNREACHABLE,,,False
2980,Tokyo,,,0,UNREACHABLE,,,False
2980,Sao-Paulo,,,0,UNREACHABLE,,,False
2990,Tokyo,,,0,UNREACHABLE,,,False
2990,Sao-Paulo,,,0,UNREACHABLE,,,False
3000,Tokyo,,,0,UNREACHABLE,,,False
3000,Sao-Paulo,,,0,UNREACHABLE,,,False
3010,Tokyo,,,0,UNREACHABLE,,,False
3010,Sao-Paulo,1,10.11,0,0→1→7,2,46.015,True
3020,Tokyo,,,0,UNREACHABLE,,,False
3020,Sao-Paulo,1,10.88,0,0→1→7,2,45.846,True
3030,Tokyo,,,0,UNREACHABLE,,,False
3030,Sao-Paulo,1,11.66,0,0→1→7,2,45.682,True
3040,Tokyo,,,0,UNREACHABLE,,,False
3040,Sao-Paulo,1,12.44,0,0→1→7,2,45.522,True
3050,Tokyo,,,0,UNREACHABLE,,,False
3050,Sao-Paulo,1,13.24,0,0→1→7,2,45.367,True
3060,Tokyo,,,0,UNREACHABLE,,,False
3060,Sao-Paulo,1,14.05,0,0→1→7,2,45.217,True
3070,Tokyo,,,0,UNREACHABLE,,,False
3070,Sao-Paulo,1,14.86,0,0→1→7,2,45.073,True
3080,Tokyo,,,0,UNREACHABLE,,,False
3080,Sao-Paulo,1,15.68,0,0→1→7,2,44.936,True
3090,Tokyo,,,0,UNREACHABLE,,,False
3090,Sao-Paulo,1,16.48,0,0→1→7,2,44.805,True
3100,Tokyo,,,0,UNREACHABLE,,,False
3100,Sao-Paulo,1,17.28,0,0→1→7,2,44.683,True
3110,Tokyo,,,0,UNREACHABLE,,,False
3110,Sao-Paulo,1,18.05,0,0→1→7,2,44.568,True
3120,Tokyo,,,0,UNREACHABLE,,,False
3120,Sao-Paulo,1,18.8,0,0→1→7,2,44.463,True
3130,Tokyo,,,0,UNREACHABLE,,,False
3130,Sao-Paulo,1,19.5,0,0→1→7,2,44.366,True
3140,Tokyo,,,0,UNREACHABLE,,,False
3140,Sao-Paulo,1,20.16,0,0→1→7,2,44.28,True
3150,Tokyo,,,0,UNREACHABLE,,,False
3150,Sao-Paulo,1,20.75,0,0→1→7,2,44.205,True
3160,Tokyo,,,0,UNREACHABLE,,,False
3160,Sao-Paulo,1,21.27,0,0→1→7,2,44.142,True
3170,Tokyo,,,0,UNREACHABLE,,,False
3170,Sao-Paulo,1,21.7,0,0→1→7,2,44.09,True
3180,Tokyo,,,0,UNREACHABLE,,,False
3180,Sao-Paulo,1,22.04,0,0→1→7,2,44.05,True
3190,Tokyo,,,0,UNREACHABLE,,,False
3190,Sao-Paulo,1,22.27,0,0→1→7,2,44.024,True
3200,Tokyo,,,0,UNREACHABLE,,,False
3200,Sao-Paulo,1,22.39,0,0→1→7,2,44.01,True
3210,Tokyo,,,0,UNREACHABLE,,,False
3210,Sao-Paulo,1,22.39,0,0→1→7,2,44.01,True
3220,Tokyo,,,0,UNREACHABLE,,,False
3220,Sao-Paulo,1,22.28,0,0→1→7,2,44.023,True
3230,Tokyo,,,0,UNREACHABLE,,,False
3230,Sao-Paulo,1,22.06,0,0→1→7,2,44.049,True
3240,Tokyo,,,0,UNREACHABLE,,,False
3240,Sao-Paulo,1,21.72,0,0→1→7,2,44.087,True
3250,Tokyo,,,0,UNREACHABLE,,,False
3250,Sao-Paulo,1,21.3,0,0→1→7,2,44.138,True
3260,Tokyo,,,0,UNREACHABLE,,,False
3260,Sao-Paulo,1,20.78,0,0→1→7,2,44.202,True
3270,Tokyo,,,0,UNREACHABLE,,,False
3270,Sao-Paulo,1,20.19,0,0→1→7,2,44.276,True
3280,Tokyo,,,0,UNREACHABLE,,,False
3280,Sao-Paulo,1,19.54,0,0→1→7,2,44.362,True
3290,Tokyo,,,0,UNREACHABLE,,,False
3290,Sao-Paulo,1,18.83,0,0→1→7,2,44.457,True
3300,Tokyo,,,0,UNREACHABLE,,,False
3300,Sao-Paulo,1,18.09,0,0→1→7,2,44.563,True
3310,Tokyo,,,0,UNREACHABLE,,,False
3310,Sao-Paulo,1,17.31,0,0→1→7,2,44.677,True
3320,Tokyo,,,0,UNREACHABLE,,,False
3320,Sao-Paulo,1,16.52,0,0→1→7,2,44.799,True
3330,Tokyo,,,0,UNREACHABLE,,,False
3330,Sao-Paulo,1,15.71,0,0→1→7,2,44.93,True
3340,Tokyo,,,0,UNREACHABLE,,,False
3340,Sao-Paulo,1,14.9,0,0→1→7,2,45.067,True
3350,Tokyo,,,0,UNREACHABLE,,,False
3350,Sao-Paulo,1,14.09,0,0→1→7,2,45.211,True
3360,Tokyo,,,0,UNREACHABLE,,,False
3360,Sao-Paulo,1,13.28,0,0→1→7,2,45.36,True
3370,Tokyo,,,0,UNREACHABLE,,,False
3370,Sao-Paulo,1,12.47,0,0→1→7,2,45.516,True
3380,Tokyo,,,0,UNREACHABLE,,,False
3380,Sao-Paulo,1,11.68,0,0→1→7,2,45.676,True
3390,Tokyo,,,0,UNREACHABLE,,,False
3390,Sao-Paulo,1,10.9,0,0→1→7,2,45.841,True
3400,Tokyo,,,0,UNREACHABLE,,,False
3400,Sao-Paulo,1,10.14,0,0→1→7,2,46.01,True
3410,Tokyo,,,0,UNREACHABLE,,,False
3410,Sao-Paulo,,,0,UNREACHABLE,,,False
3420,Tokyo,,,0,UNREACHABLE,,,False
3420,Sao-Paulo,,,0,UNREACHABLE,,,False
3430,Tokyo,,,0,UNREACHABLE,,,False
3430,Sao-Paulo,,,0,UNREACHABLE,,,False
3440,Tokyo,,,0,UNREACHABLE,,,False
3440,Sao-Paulo,,,0,UNREACHABLE,,,False
3450,Tokyo,,,0,UNREACHABLE,,,False
3450,Sao-Paulo,,,0,UNREACHABLE,,,False
3460,Tokyo,,,0,UNREACHABLE,,,False
3460,Sao-Paulo,,,0,UNREACHABLE,,,False
3470,Tokyo,,,0,UNREACHABLE,,,False
3470,Sao-Paulo,,,0,UNREACHABLE,,,False
3480,Tokyo,,,0,UNREACHABLE,,,False
3480,Sao-Paulo,,,0,UNREACHABLE,,,False
3490,Tokyo,,,0,UNREACHABLE,,,False
3490,Sao-Paulo,,,0,UNREACHABLE,,,False
3500,Tokyo,,,0,UNREACHABLE,,,False
3500,Sao-Paulo,,,0,UNREACHABLE,,,False
3510,Tokyo,,,0,UNREACHABLE,,,False
3510,Sao-Paulo,,,0,UNREACHABLE,,,False
3520,Tokyo,,,0,UNREACHABLE,,,False
3520,Sao-Paulo,,,0,UNREACHABLE,,,False
3530,Tokyo,,,0,UNREACHABLE,,,False
3530,Sao-Paulo,,,0,UNREACHABLE,,,False
3540,Tokyo,,,0,UNREACHABLE,,,False
3540,Sao-Paulo,,,0,UNREACHABLE,,,False
3550,Tokyo,,,0,UNREACHABLE,,,False
3550,Sao-Paulo,,,0,UNREACHABLE,,,False
3560,Tokyo,,,0,UNREACHABLE,,,False
3560,Sao-Paulo,,,0,UNREACHABLE,,,False
3570,Tokyo,,,0,UNREACHABLE,,,False
3570,Sao-Paulo,,,0,UNREACHABLE,,,False
3580,Tokyo,,,0,UNREACHABLE,,,False
3580,Sao-Paulo,,,0,UNREACHABLE,,,False
3590,Tokyo,,,0,UNREACHABLE,,,False
3590,Sao-Paulo,,,0,UNREACHABLE,,,False
3600,Tokyo,,,0,UNREACHABLE,,,False
3600,Sao-Paulo,,,0,UNREACHABLE,,,False
3610,Tokyo,,,0,UNREACHABLE,,,False
3610,Sao-Paulo,,,0,UNREACHABLE,,,False
3620,Tokyo,,,0,UNREACHABLE,,,False
3620,Sao-Paulo,,,0,UNREACHABLE,,,False
3630,Tokyo,,,0,UNREACHABLE,,,False
3630,Sao-Paulo,,,0,UNREACHABLE,,,False
3640,Tokyo,,,0,UNREACHABLE,,,False
3640,Sao-Paulo,,,0,UNREACHABLE,,,False
3650,Tokyo,,,0,UNREACHABLE,,,False
3650,Sao-Paulo,,,0,UNREACHABLE,,,False
3660,Tokyo,,,0,UNREACHABLE,,,False
3660,Sao-Paulo,,,0,UNREACHABLE,,,False
3670,Tokyo,,,0,UNREACHABLE,,,False
3670,Sao-Paulo,,,0,UNREACHABLE,,,False
3680,Tokyo,,,0,UNREACHABLE,,,False
3680,Sao-Paulo,,,0,UNREACHABLE,,,False
3690,Tokyo,,,0,UNREACHABLE,,,False
3690,Sao-Paulo,,,0,UNREACHABLE,,,False
3700,Tokyo,,,0,UNREACHABLE,,,False
3700,Sao-Paulo,,,0,UNREACHABLE,,,False
3710,Tokyo,,,0,UNREACHABLE,,,False
3710,Sao-Paulo,,,0,UNREACHABLE,,,False
3720,Tokyo,,,0,UNREACHABLE,,,False
3720,Sao-Paulo,,,0,UNREACHABLE,,,False
3730,Tokyo,,,0,UNREACHABLE,,,False
3730,Sao-Paulo,,,0,UNREACHABLE,,,False
3740,Tokyo,,,0,UNREACHABLE,,,False
3740,Sao-Paulo,,,0,UNREACHABLE,,,False
3750,Tokyo,,,0,UNREACHABLE,,,False
3750,Sao-Paulo,,,0,UNREACHABLE,,,False
3760,Tokyo,,,0,UNREACHABLE,,,False
3760,Sao-Paulo,,,0,UNREACHABLE,,,False
3770,Tokyo,,,0,UNREACHABLE,,,False
3770,Sao-Paulo,,,0,UNREACHABLE,,,False
3780,Tokyo,,,0,UNREACHABLE,,,False
3780,Sao-Paulo,,,0,UNREACHABLE,,,False
3790,Tokyo,,,0,UNREACHABLE,,,False
3790,Sao-Paulo,,,0,UNREACHABLE,,,False
3800,Tokyo,,,0,UNREACHABLE,,,False
3800,Sao-Paulo,,,0,UNREACHABLE,,,False
3810,Tokyo,,,0,UNREACHABLE,,,False
3810,Sao-Paulo,,,0,UNREACHABLE,,,False
3820,Tokyo,,,0,UNREACHABLE,,,False
3820,Sao-Paulo,,,0,UNREACHABLE,,,False
3830,Tokyo,,,0,UNREACHABLE,,,False
3830,Sao-Paulo,,,0,UNREACHABLE,,,False
3840,Tokyo,,,0,UNREACHABLE,,,False
3840,Sao-Paulo,,,0,UNREACHABLE,,,False
3850,Tokyo,,,0,UNREACHABLE,,,False
3850,Sao-Paulo,,,0,UNREACHABLE,,,False
3860,Tokyo,,,0,UNREACHABLE,,,False
3860,Sao-Paulo,,,0,UNREACHABLE,,,False
3870,Tokyo,,,0,UNREACHABLE,,,False
3870,Sao-Paulo,,,0,UNREACHABLE,,,False
3880,Tokyo,,,0,UNREACHABLE,,,False
3880,Sao-Paulo,,,0,UNREACHABLE,,,False
3890,Tokyo,2,10.64,0,0→2→6,2,45.898,True
3890,Sao-Paulo,,,0,UNREACHABLE,,,False
3900,Tokyo,2,11.59,0,0→2→6,2,45.695,True
3900,Sao-Paulo,,,0,UNREACHABLE,,,False
3910,Tokyo,2,12.58,0,0→2→6,2,45.494,True
3910,Sao-Paulo,,,0,UNREACHABLE,,,False
3920,Tokyo,2,13.62,0,0→2→6,2,45.296,True
3920,Sao-Paulo,,,0,UNREACHABLE,,,False
3930,Tokyo,2,14.71,0,0→2→6,2,45.1,True
3930,Sao-Paulo,,,0,UNREACHABLE,,,False
3940,Tokyo,2,15.85,0,0→2→6,2,44.908,True
3940,Sao-Paulo,,,0,UNREACHABLE,,,False
3950,Tokyo,2,17.04,0,0→2→6,2,44.719,True
3950,Sao-Paulo,,,0,UNREACHABLE,,,False
3960,Tokyo,2,18.29,0,0→2→6,2,44.534,True
3960,Sao-Paulo,,,0,UNREACHABLE,,,False
3970,Tokyo,2,19.6,0,0→2→6,2,44.353,True
3970,Sao-Paulo,,,0,UNREACHABLE,,,False
3980,Tokyo,2,20.97,0,0→2→6,2,44.178,True
3980,Sao-Paulo,,,0,UNREACHABLE,,,False
3990,Tokyo,2,22.41,0,0→2→6,2,44.008,True
3990,Sao-Paulo,,,0,UNREACHABLE,,,False
4000,Tokyo,2,23.9,0,0→2→6,2,43.845,True
4000,Sao-Paulo,,,0,UNREACHABLE,,,False
4010,Tokyo,2,25.44,0,0→2→6,2,43.69,True
4010,Sao-Paulo,,,0,UNREACHABLE,,,False
4020,Tokyo,2,27.03,0,0→2→6,2,43.543,True
4020,Sao-Paulo,,,0,UNREACHABLE,,,False
4030,Tokyo,2,28.64,0,0→2→6,2,43.405,True
4030,Sao-Paulo,,,0,UNREACHABLE,,,False
4040,Tokyo,2,30.25,0,0→2→6,2,43.279,True
4040,Sao-Paulo,,,0,UNREACHABLE,,,False
4050,Tokyo,2,31.83,0,0→2→6,2,43.164,True
4050,Sao-Paulo,,,0,UNREACHABLE,,,False
4060,Tokyo,2,33.34,0,0→2→6,2,43.063,True
4060,Sao-Paulo,,,0,UNREACHABLE,,,False
4070,Tokyo,2,34.72,0,0→2→6,2,42.977,True
4070,Sao-Paulo,,,0,UNREACHABLE,,,False
4080,Tokyo,2,35.91,0,0→2→6,2,42.907,True
4080,Sao-Paulo,,,0,UNREACHABLE,,,False
4090,Tokyo,2,36.85,0,0→2→6,2,42.854,True
4090,Sao-Paulo,,,0,UNREACHABLE,,,False
4100,Tokyo,2,37.49,0,0→2→6,2,42.82,True
4100,Sao-Paulo,,,0,UNREACHABLE,,,False
4110,Tokyo,2,37.79,0,0→2→6,2,42.805,True
4110,Sao-Paulo,,,0,UNREACHABLE,,,False
4120,Tokyo,2,37.71,0,0→2→6,2,42.809,True
4120,Sao-Paulo,,,0,UNREACHABLE,,,False
4130,Tokyo,2,37.27,0,0→2→6,2,42.832,True
4130,Sao-Paulo,,,0,UNREACHABLE,,,False
4140,Tokyo,2,36.5,0,0→2→6,2,42.874,True
4140,Sao-Paulo,,,0,UNREACHABLE,,,False
4150,Tokyo,2,35.44,0,0→2→6,2,42.934,True
4150,Sao-Paulo,,,0,UNREACHABLE,,,False
4160,Tokyo,2,34.16,0,0→2→6,2,43.011,True
4160,Sao-Paulo,,,0,UNREACHABLE,,,False
4170,Tokyo,2,32.72,0,0→2→6,2,43.103,True
4170,Sao-Paulo,,,0,UNREACHABLE,,,False
4180,Tokyo,2,31.18,0,0→2→6,2,43.21,True
4180,Sao-Paulo,,,0,UNREACHABLE,,,False
4190,Tokyo,2,29.58,0,0→2→6,2,43.33,True
4190,Sao-Paulo,,,0,UNREACHABLE,,,False
4200,Tokyo,2,27.97,0,0→2→6,2,43.461,True
4200,Sao-Paulo,,,0,UNREACHABLE,,,False
4210,Tokyo,2,26.37,0,0→2→6,2,43.603,True
4210,Sao-Paulo,,,0,UNREACHABLE,,,False
4220,Tokyo,2,24.8,0,0→2→6,2,43.753,True
4220,Sao-Paulo,,,0,UNREACHABLE,,,False
4230,Tokyo,2,23.27,0,0→2→6,2,43.912,True
4230,Sao-Paulo,,,0,UNREACHABLE,,,False
4240,Tokyo,2,21.81,0,0→2→6,2,44.078,True
4240,Sao-Paulo,,,0,UNREACHABLE,,,False
4250,Tokyo,2,20.4,0,0→2→6,2,44.25,True
4250,Sao-Paulo,,,0,UNREACHABLE,,,False
4260,Tokyo,2,19.05,0,0→2→6,2,44.427,True
4260,Sao-Paulo,,,0,UNREACHABLE,,,False
4270,Tokyo,2,17.77,0,0→2→6,2,44.609,True
4270,Sao-Paulo,,,0,UNREACHABLE,,,False
4280,Tokyo,2,16.54,0,0→2→6,2,44.796,True
4280,Sao-Paulo,,,0,UNREACHABLE,,,False
4290,Tokyo,2,15.37,0,0→2→6,2,44.986,True
4290,Sao-Paulo,,,0,UNREACHABLE,,,False
4300,Tokyo,2,14.26,0,0→2→6,2,45.18,True
4300,Sao-Paulo,,,0,UNREACHABLE,,,False
4310,Tokyo,2,13.19,0,0→2→6,2,45.377,True
4310,Sao-Paulo,,,0,UNREACHABLE,,,False
4320,Tokyo,2,12.17,0,0→2→6,2,45.576,True
4320,Sao-Paulo,,,0,UNREACHABLE,,,False
4330,Tokyo,2,11.2,0,0→2→6,2,45.778,True
4330,Sao-Paulo,,,0,UNREACHABLE,,,False
4340,Tokyo,2,10.26,0,0→2→6,2,45.981,True
4340,Sao-Paulo,,,0,UNREACHABLE,,,False
4350,Tokyo,,,0,UNREACHABLE,,,False
4350,Sao-Paulo,,,0,UNREACHABLE,,,False
4360,Tokyo,,,0,UNREACHABLE,,,False
4360,Sao-Paulo,,,0,UNREACHABLE,,,False
4370,Tokyo,,,0,UNREACHABLE,,,False
4370,Sao-Paulo,,,0,UNREACHABLE,,,False
4380,Tokyo,,,0,UNREACHABLE,,,False
4380,Sao-Paulo,,,0,UNREACHABLE,,,False
4390,Tokyo,,,0,UNREACHABLE,,,False
4390,Sao-Paulo,,,0,UNREACHABLE,,,False
4400,Tokyo,,,0,UNREACHABLE,,,False
4400,Sao-Paulo,,,0,UNREACHABLE,,,False
4410,Tokyo,,,0,UNREACHABLE,,,False
4410,Sao-Paulo,,,0,UNREACHABLE,,,False
4420,Tokyo,,,0,UNREACHABLE,,,False
4420,Sao-Paulo,,,0,UNREACHABLE,,,False
4430,Tokyo,,,0,UNREACHABLE,,,False
4430,Sao-Paulo,,,0,UNREACHABLE,,,False
4440,Tokyo,,,0,UNREACHABLE,,,False
4440,Sao-Paulo,,,0,UNREACHABLE,,,False
4450,Tokyo,,,0,UNREACHABLE,,,False
4450,Sao-Paulo,,,0,UNREACHABLE,,,False
4460,Tokyo,,,0,UNREACHABLE,,,False
4460,Sao-Paulo,,,0,UNREACHABLE,,,False
4470,Tokyo,,,0,UNREACHABLE,,,False
4470,Sao-Paulo,,,0,UNREACHABLE,,,False
4480,Tokyo,,,0,UNREACHABLE,,,False
4480,Sao-Paulo,,,0,UNREACHABLE,,,False
4490,Tokyo,,,0,UNREACHABLE,,,False
4490,Sao-Paulo,,,0,UNREACHABLE,,,False
4500,Tokyo,,,0,UNREACHABLE,,,False
4500,Sao-Paulo,,,0,UNREACHABLE,,,False
4510,Tokyo,,,0,UNREACHABLE,,,False
4510,Sao-Paulo,,,0,UNREACHABLE,,,False
4520,Tokyo,,,0,UNREACHABLE,,,False
4520,Sao-Paulo,,,0,UNREACHABLE,,,False
4530,Tokyo,,,0,UNREACHABLE,,,False
4530,Sao-Paulo,,,0,UNREACHABLE,,,False
4540,Tokyo,,,0,UNREACHABLE,,,False
4540,Sao-Paulo,,,0,UNREACHABLE,,,False
4550,Tokyo,,,0,UNREACHABLE,,,False
4550,Sao-Paulo,,,0,UNREACHABLE,,,False
4560,Tokyo,,,0,UNREACHABLE,,,False
4560,Sao-Paulo,,,0,UNREACHABLE,,,False
4570,Tokyo,,,0,UNREACHABLE,,,False
4570,Sao-Paulo,,,0,UNREACHABLE,,,False
4580,Tokyo,,,0,UNREACHABLE,,,False
4580,Sao-Paulo,,,0,UNREACHABLE,,,False
4590,Tokyo,,,0,UNREACHABLE,,,False
4590,Sao-Paulo,,,0,UNREACHABLE,,,False
4600,Tokyo,,,0,UNREACHABLE,,,False
4600,Sao-Paulo,,,0,UNREACHABLE,,,False
4610,Tokyo,,,0,UNREACHABLE,,,False
4610,Sao-Paulo,,,0,UNREACHABLE,,,False
4620,Tokyo,,,0,UNREACHABLE,,,False
4620,Sao-Paulo,,,0,UNREACHABLE,,,False
4630,Tokyo,,,0,UNREACHABLE,,,False
4630,Sao-Paulo,,,0,UNREACHABLE,,,False
4640,Tokyo,,,0,UNREACHABLE,,,False
4640,Sao-Paulo,,,0,UNREACHABLE,,,False
4650,Tokyo,,,0,UNREACHABLE,,,False
4650,Sao-Paulo,,,0,UNREACHABLE,,,False
4660,Tokyo,,,0,UNREACHABLE,,,False
4660,Sao-Paulo,,,0,UNREACHABLE,,,False
4670,Tokyo,,,0,UNREACHABLE,,,False
4670,Sao-Paulo,,,0,UNREACHABLE,,,False
4680,Tokyo,,,0,UNREACHABLE,,,False
4680,Sao-Paulo,,,0,UNREACHABLE,,,False
4690,Tokyo,,,0,UNREACHABLE,,,False
4690,Sao-Paulo,,,0,UNREACHABLE,,,False
4700,Tokyo,,,0,UNREACHABLE,,,False
4700,Sao-Paulo,,,0,UNREACHABLE,,,False
4710,Tokyo,,,0,UNREACHABLE,,,False
4710,Sao-Paulo,,,0,UNREACHABLE,,,False
4720,Tokyo,,,0,UNREACHABLE,,,False
4720,Sao-Paulo,,,0,UNREACHABLE,,,False
4730,Tokyo,,,0,UNREACHABLE,,,False
4730,Sao-Paulo,,,0,UNREACHABLE,,,False
4740,Tokyo,,,0,UNREACHABLE,,,False
4740,Sao-Paulo,,,0,UNREACHABLE,,,False
4750,Tokyo,,,0,UNREACHABLE,,,False
4750,Sao-Paulo,,,0,UNREACHABLE,,,False
4760,Tokyo,,,0,UNREACHABLE,,,False
4760,Sao-Paulo,,,0,UNREACHABLE,,,False
4770,Tokyo,,,0,UNREACHABLE,,,False
4770,Sao-Paulo,,,0,UNREACHABLE,,,False
4780,Tokyo,,,0,UNREACHABLE,,,False
4780,Sao-Paulo,,,0,UNREACHABLE,,,False
4790,Tokyo,,,0,UNREACHABLE,,,False
4790,Sao-Paulo,,,0,UNREACHABLE,,,False
4800,Tokyo,,,0,UNREACHABLE,,,False
4800,Sao-Paulo,,,0,UNREACHABLE,,,False
4810,Tokyo,,,0,UNREACHABLE,,,False
4810,Sao-Paulo,,,0,UNREACHABLE,,,False
4820,Tokyo,,,0,UNREACHABLE,,,False
4820,Sao-Paulo,,,0,UNREACHABLE,,,False
4830,Tokyo,,,0,UNREACHABLE,,,False
4830,Sao-Paulo,,,0,UNREACHABLE,,,False
4840,Tokyo,,,0,UNREACHABLE,,,False
4840,Sao-Paulo,,,0,UNREACHABLE,,,False
4850,Tokyo,,,0,UNREACHABLE,,,False
4850,Sao-Paulo,,,0,UNREACHABLE,,,False
4860,Tokyo,,,0,UNREACHABLE,,,False
4860,Sao-Paulo,,,0,UNREACHABLE,,,False
4870,Tokyo,,,0,UNREACHABLE,,,False
4870,Sao-Paulo,,,0,UNREACHABLE,,,False
4880,Tokyo,,,0,UNREACHABLE,,,False
4880,Sao-Paulo,,,0,UNREACHABLE,,,False
4890,Tokyo,,,0,UNREACHABLE,,,False
4890,Sao-Paulo,,,0,UNREACHABLE,,,False
4900,Tokyo,,,0,UNREACHABLE,,,False
4900,Sao-Paulo,,,0,UNREACHABLE,,,False
4910,Tokyo,,,0,UNREACHABLE,,,False
4910,Sao-Paulo,,,0,UNREACHABLE,,,False
4920,Tokyo,,,0,UNREACHABLE,,,False
4920,Sao-Paulo,,,0,UNREACHABLE,,,False
4930,Tokyo,,,0,UNREACHABLE,,,False
4930,Sao-Paulo,,,0,UNREACHABLE,,,False
4940,Tokyo,,,0,UNREACHABLE,,,False
4940,Sao-Paulo,,,0,UNREACHABLE,,,False
4950,Tokyo,,,0,UNREACHABLE,,,False
4950,Sao-Paulo,,,0,UNREACHABLE,,,False
4960,Tokyo,,,0,UNREACHABLE,,,False
4960,Sao-Paulo,0,10.12,0,0→7,1,6.028,True
4970,Tokyo,,,0,UNREACHABLE,,,False
4970,Sao-Paulo,0,11.08,0,0→7,1,5.816,True
4980,Tokyo,,,0,UNREACHABLE,,,False
4980,Sao-Paulo,0,12.09,0,0→7,1,5.607,True
4990,Tokyo,,,0,UNREACHABLE,,,False
4990,Sao-Paulo,0,13.15,0,0→7,1,5.398,True
5000,Tokyo,,,0,UNREACHABLE,,,False
5000,Sao-Paulo,0,14.27,0,0→7,1,5.192,True
5010,Tokyo,,,0,UNREACHABLE,,,False
5010,Sao-Paulo,0,15.45,0,0→7,1,4.987,True
5020,Tokyo,,,0,UNREACHABLE,,,False
5020,Sao-Paulo,0,16.7,0,0→7,1,4.785,True
5030,Tokyo,,,0,UNREACHABLE,,,False
5030,Sao-Paulo,0,18.03,0,0→7,1,4.585,True
5040,Tokyo,,,0,UNREACHABLE,,,False
5040,Sao-Paulo,0,19.44,0,0→7,1,4.389,True
5050,Tokyo,,,0,UNREACHABLE,,,False
5050,Sao-Paulo,0,20.94,0,0→7,1,4.196,True
5060,Tokyo,,,0,UNREACHABLE,,,False
5060,Sao-Paulo,0,22.54,0,0→7,1,4.007,True
5070,Tokyo,,,0,UNREACHABLE,,,False
5070,Sao-Paulo,0,24.25,0,0→7,1,3.823,True
5080,Tokyo,,,0,UNREACHABLE,,,False
5080,Sao-Paulo,0,26.07,0,0→7,1,3.644,True
5090,Tokyo,,,0,UNREACHABLE,,,False
5090,Sao-Paulo,0,28.01,0,0→7,1,3.471,True
5100,Tokyo,,,0,UNREACHABLE,,,False
5100,Sao-Paulo,0,30.08,0,0→7,1,3.306,True
5110,Tokyo,,,0,UNREACHABLE,,,False
5110,Sao-Paulo,0,32.26,0,0→7,1,3.148,True
5120,Tokyo,,,0,UNREACHABLE,,,False
5120,Sao-Paulo,0,34.55,0,0→7,1,3.001,True
5130,Tokyo,,,0,UNREACHABLE,,,False
5130,Sao-Paulo,0,36.91,0,0→7,1,2.865,True
5140,Tokyo,,,0,UNREACHABLE,,,False
5140,Sao-Paulo,0,39.31,0,0→7,1,2.742,True
5150,Tokyo,,,0,UNREACHABLE,,,False
5150,Sao-Paulo,0,41.67,0,0→7,1,2.633,True
5160,Tokyo,,,0,UNREACHABLE,,,False
5160,Sao-Paulo,0,43.88,0,0→7,1,2.542,True
5170,Tokyo,,,0,UNREACHABLE,,,False
5170,Sao-Paulo,0,45.83,0,0→7,1,2.468,True
5180,Tokyo,,,0,UNREACHABLE,,,False
5180,Sao-Paulo,0,47.35,0,0→7,1,2.415,True
5190,Tokyo,,,0,UNREACHABLE,,,False
5190,Sao-Paulo,0,48.3,0,0→7,1,2.384,True
5200,Tokyo,,,0,UNREACHABLE,,,False
5200,Sao-Paulo,0,48.57,0,0→7,1,2.375,True
5210,Tokyo,,,0,UNREACHABLE,,,False
5210,Sao-Paulo,0,48.14,0,0→7,1,2.389,True
5220,Tokyo,,,0,UNREACHABLE,,,False
5220,Sao-Paulo,0,47.05,0,0→7,1,2.425,True
5230,Tokyo,,,0,UNREACHABLE,,,False
5230,Sao-Paulo,0,45.42,0,0→7,1,2.483,True
5240,Tokyo,,,0,UNREACHABLE,,,False
5240,Sao-Paulo,0,43.41,0,0→7,1,2.561,True
5250,Tokyo,,,0,UNREACHABLE,,,False
5250,Sao-Paulo,0,41.15,0,0→7,1,2.656,True
5260,Tokyo,,,0,UNREACHABLE,,,False
5260,Sao-Paulo,0,38.77,0,0→7,1,2.768,True
5270,Tokyo,,,0,UNREACHABLE,,,False
5270,Sao-Paulo,0,36.38,0,0→7,1,2.895,True
5280,Tokyo,,,0,UNREACHABLE,,,False
5280,Sao-Paulo,0,34.02,0,0→7,1,3.033,True
5290,Tokyo,,,0,UNREACHABLE,,,False
5290,Sao-Paulo,0,31.76,0,0→7,1,3.183,True
5300,Tokyo,,,0,UNREACHABLE,,,False
5300,Sao-Paulo,0,29.6,0,0→7,1,3.342,True
5310,Tokyo,,,0,UNREACHABLE,,,False
5310,Sao-Paulo,0,27.56,0,0→7,1,3.51,True
5320,Tokyo,,,0,UNREACHABLE,,,False
5320,Sao-Paulo,0,25.64,0,0→7,1,3.684,True
5330,Tokyo,,,0,UNREACHABLE,,,False
5330,Sao-Paulo,0,23.85,0,0→7,1,3.865,True
5340,Tokyo,,,0,UNREACHABLE,,,False
5340,Sao-Paulo,0,22.16,0,0→7,1,4.05,True
5350,Tokyo,,,0,UNREACHABLE,,,False
5350,Sao-Paulo,0,20.58,0,0→7,1,4.241,True
5360,Tokyo,,,0,UNREACHABLE,,,False
5360,Sao-Paulo,0,19.1,0,0→7,1,4.435,True
5370,Tokyo,,,0,UNREACHABLE,,,False
5370,Sao-Paulo,0,17.71,0,0→7,1,4.632,True
5380,Tokyo,,,0,UNREACHABLE,,,False
5380,Sao-Paulo,0,16.4,0,0→7,1,4.833,True
5390,Tokyo,,,0,UNREACHABLE,,,False
5390,Sao-Paulo,0,15.16,0,0→7,1,5.036,True
5400,Tokyo,,,0,UNREACHABLE,,,False
5400,Sao-Paulo,0,14.0,0,0→7,1,5.241,True
5410,Tokyo,,,0,UNREACHABLE,,,False
5410,Sao-Paulo,0,12.89,0,0→7,1,5.448,True
5420,Tokyo,,,0,UNREACHABLE,,,False
5420,Sao-Paulo,0,11.84,0,0→7,1,5.657,True
5430,Tokyo,,,0,UNREACHABLE,,,False
5430,Sao-Paulo,0,10.84,0,0→7,1,5.868,True
5440,Tokyo,,,0,UNREACHABLE,,,False
5440,Sao-Paulo,,,0,UNREACHABLE,,,False
5450,Tokyo,,,0,UNREACHABLE,,,False
5450,Sao-Paulo,,,0,UNREACHABLE,,,False
5460,Tokyo,,,0,UNREACHABLE,,,False
5460,Sao-Paulo,,,0,UNREACHABLE,,,False
5470,Tokyo,,,0,UNREACHABLE,,,False
5470,Sao-Paulo,,,0,UNREACHABLE,,,False
5480,Tokyo,,,0,UNREACHABLE,,,False
5480,Sao-Paulo,,,0,UNREACHABLE,,,False
5490,Tokyo,,,0,UNREACHABLE,,,False
5490,Sao-Paulo,,,0,UNREACHABLE,,,False
5500,Tokyo,,,0,UNREACHABLE,,,False
5500,Sao-Paulo,,,0,UNREACHABLE,,,False
5510,Tokyo,,,0,UNREACHABLE,,,False
5510,Sao-Paulo,,,0,UNREACHABLE,,,False
5520,Tokyo,,,0,UNREACHABLE,,,False
5520,Sao-Paulo,,,0,UNREACHABLE,,,False
5530,Tokyo,,,0,UNREACHABLE,,,False
5530,Sao-Paulo,,,0,UNREACHABLE,,,False
5540,Tokyo,,,0,UNREACHABLE,,,False
5540,Sao-Paulo,,,0,UNREACHABLE,,,False
5550,Tokyo,,,0,UNREACHABLE,,,False
5550,Sao-Paulo,,,0,UNREACHABLE,,,False
5560,Tokyo,,,0,UNREACHABLE,,,False
5560,Sao-Paulo,,,0,UNREACHABLE,,,False
5570,Tokyo,,,0,UNREACHABLE,,,False
5570,Sao-Paulo,,,0,UNREACHABLE,,,False
5580,Tokyo,,,0,UNREACHABLE,,,False
5580,Sao-Paulo,,,0,UNREACHABLE,,,False
5590,Tokyo,,,0,UNREACHABLE,,,False
5590,Sao-Paulo,,,0,UNREACHABLE,,,False
5600,Tokyo,,,0,UNREACHABLE,,,False
5600,Sao-Paulo,,,0,UNREACHABLE,,,False
5610,Tokyo,,,0,UNREACHABLE,,,False
5610,Sao-Paulo,,,0,UNREACHABLE,,,False
5620,Tokyo,,,0,UNREACHABLE,,,False
5620,Sao-Paulo,,,0,UNREACHABLE,,,False
5630,Tokyo,,,0,UNREACHABLE,,,False
5630,Sao-Paulo,,,0,UNREACHABLE,,,False
5640,Tokyo,,,0,UNREACHABLE,,,False
5640,Sao-Paulo,,,0,UNREACHABLE,,,False
5650,Tokyo,,,0,UNREACHABLE,,,False
5650,Sao-Paulo,,,0,UNREACHABLE,,,False
5660,Tokyo,,,0,UNREACHABLE,,,False
5660,Sao-Paulo,,,0,UNREACHABLE,,,False
5670,Tokyo,,,0,UNREACHABLE,,,False
5670,Sao-Paulo,,,0,UNREACHABLE,,,False
5680,Tokyo,,,0,UNREACHABLE,,,False
5680,Sao-Paulo,,,0,UNREACHABLE,,,False
5690,Tokyo,,,0,UNREACHABLE,,,False
5690,Sao-Paulo,,,0,UNREACHABLE,,,False
5700,Tokyo,,,0,UNREACHABLE,,,False
5700,Sao-Paulo,,,0,UNREACHABLE,,,False
5710,Tokyo,,,0,UNREACHABLE,,,False
5710,Sao-Paulo,,,0,UNREACHABLE,,,False
5720,Tokyo,,,0,UNREACHABLE,,,False
5720,Sao-Paulo,,,0,UNREACHABLE,,,False
5730,Tokyo,,,0,UNREACHABLE,,,False
5730,Sao-Paulo,,,0,UNREACHABLE,,,False
5740,Tokyo,,,0,UNREACHABLE,,,False
5740,Sao-Paulo,,,0,UNREACHABLE,,,False
5750,Tokyo,,,0,UNREACHABLE,,,False
5750,Sao-Paulo,,,0,UNREACHABLE,,,False
5760,Tokyo,,,0,UNREACHABLE,,,False
5760,Sao-Paulo,,,0,UNREACHABLE,,,False
5770,Tokyo,,,0,UNREACHABLE,,,False
5770,Sao-Paulo,,,0,UNREACHABLE,,,False
5780,Tokyo,,,0,UNREACHABLE,,,False
5780,Sao-Paulo,,,0,UNREACHABLE,,,False
5790,Tokyo,,,0,UNREACHABLE,,,False
5790,Sao-Paulo,,,0,UNREACHABLE,,,False
5800,Tokyo,,,0,UNREACHABLE,,,False
5800,Sao-Paulo,,,0,UNREACHABLE,,,False
5810,Tokyo,,,0,UNREACHABLE,,,False
5810,Sao-Paulo,,,0,UNREACHABLE,,,False
5820,Tokyo,,,0,UNREACHABLE,,,False
5820,Sao-Paulo,,,0,UNREACHABLE,,,False
5830,Tokyo,,,0,UNREACHABLE,,,False
5830,Sao-Paulo,,,0,UNREACHABLE,,,False
5840,Tokyo,,,0,UNREACHABLE,,,False
5840,Sao-Paulo,,,0,UNREACHABLE,,,False
5850,Tokyo,,,0,UNREACHABLE,,,False
5850,Sao-Paulo,,,0,UNREACHABLE,,,False
5860,Tokyo,,,0,UNREACHABLE,,,False
5860,Sao-Paulo,,,0,UNREACHABLE,,,False
5870,Tokyo,,,0,UNREACHABLE,,,False
5870,Sao-Paulo,,,0,UNREACHABLE,,,False
5880,Tokyo,,,0,UNREACHABLE,,,False
5880,Sao-Paulo,,,0,UNREACHABLE,,,False
5890,Tokyo,,,0,UNREACHABLE,,,False
5890,Sao-Paulo,,,0,UNREACHABLE,,,False
5900,Tokyo,,,0,UNREACHABLE,,,False
5900,Sao-Paulo,,,0,UNREACHABLE,,,False
5910,Tokyo,,,0,UNREACHABLE,,,False
5910,Sao-Paulo,,,0,UNREACHABLE,,,False
5920,Tokyo,1,10.36,0,0→1→6,2,45.961,True
5920,Sao-Paulo,,,0,UNREACHABLE,,,False
5930,Tokyo,1,11.04,0,0→1→6,2,45.811,True
5930,Sao-Paulo,,,0,UNREACHABLE,,,False
5940,Tokyo,1,11.73,0,0→1→6,2,45.666,True
5940,Sao-Paulo,,,0,UNREACHABLE,,,False
5950,Tokyo,1,12.41,0,0→1→6,2,45.528,True
5950,Sao-Paulo,,,0,UNREACHABLE,,,False
5960,Tokyo,1,13.09,0,0→1→6,2,45.395,True
5960,Sao-Paulo,,,0,UNREACHABLE,,,False
5970,Tokyo,1,13.76,0,0→1→6,2,45.27,True
5970,Sao-Paulo,,,0,UNREACHABLE,,,False
5980,Tokyo,1,14.41,0,0→1→6,2,45.152,True
5980,Sao-Paulo,,,0,UNREACHABLE,,,False
5990,Tokyo,1,15.04,0,0→1→6,2,45.042,True
5990,Sao-Paulo,,,0,UNREACHABLE,,,False
6000,Tokyo,1,15.65,0,0→1→6,2,44.941,True
6000,Sao-Paulo,,,0,UNREACHABLE,,,False
