isl_rate_mbps,seed,scheduler,images_delivered,delivery_frac,utility,utility_quality,utility_tardy,utility_cost,u_min,jain,n_dropped,violation_frac,n_route_fallbacks,solve_wall_s,wall_s
0.5,42,mpc,11426807.6,0.892,42.4255,39.6098,0.0964,1.62,0.7081,0.9969,0,0.4844,0,23.54,25.07
0.5,42,mpc-2level,11754761.1,0.9176,42.8795,40.05,0.0989,1.6671,0.718,0.998,0,0.4375,0,54.98,97.12
0.5,42,mpc-hier,11199947.0,0.8743,37.4805,35.9835,0.1702,1.4225,0.4828,0.9846,33,0.6875,0,5.12,5.65
0.5,42,mpc-hier-route,10640230.8,0.8306,37.4855,35.3563,0.2358,1.3697,0.5835,0.9873,37,0.75,18042,5.45,7.83
0.5,43,mpc,11623596.1,0.8865,40.9786,37.9297,0.103,1.5373,0.7327,0.998,0,0.5781,0,20.29,21.83
0.5,43,mpc-2level,12086364.8,0.9218,41.2492,38.2422,0.1002,1.5821,0.7327,0.9983,0,0.4688,0,43.33,79.0
0.5,43,mpc-hier,10997309.9,0.8388,36.1341,34.3965,0.2017,1.3221,0.5096,0.9905,41,0.7969,0,4.92,5.47
0.5,43,mpc-hier-route,10550689.7,0.8047,36.6218,34.6466,0.198,1.3143,0.5449,0.9878,42,0.7188,20780,5.0,7.31
0.5,44,mpc,11555609.6,0.889,39.2368,35.9086,0.0838,1.4836,0.7649,0.9975,0,0.5156,0,22.3,23.66
0.5,44,mpc-2level,12042348.9,0.9265,39.5449,36.256,0.0795,1.5273,0.7649,0.9982,0,0.3906,0,45.02,80.52
0.5,44,mpc-hier,10562903.3,0.8127,34.468,32.2456,0.1904,1.2356,0.5701,0.9875,37,0.7344,0,5.93,6.47
0.5,44,mpc-hier-route,10798661.9,0.8308,34.4426,32.5664,0.1912,1.2787,0.5228,0.9851,37,0.7656,20285,5.82,8.16
0.75,42,mpc,11656124.4,0.9099,43.7544,41.1273,0.1052,1.8632,0.718,0.9961,0,0.5156,0,26.42,27.97
0.75,42,mpc-2level,11766498.1,0.9185,44.0104,41.4294,0.1016,1.9129,0.718,0.9961,0,0.4531,0,58.05,94.42
0.75,42,mpc-hier,11093656.5,0.866,37.9839,37.3311,0.1985,1.5009,0.3675,0.9848,32,0.6406,0,6.28,6.8
0.75,42,mpc-hier-route,11089654.9,0.8657,38.9926,37.0863,0.2046,1.4894,0.5626,0.9869,33,0.6875,19170,6.04,8.34
0.75,43,mpc,12041814.2,0.9184,41.7348,38.825,0.0974,1.682,0.7327,0.9971,0,0.5156,0,24.64,26.0
0.75,43,mpc-2level,12082991.9,0.9216,41.9554,39.1019,0.1002,1.7356,0.7327,0.9966,0,0.4688,0,60.88,97.11
0.75,43,mpc-hier,11178076.4,0.8526,38.0737,35.4428,0.2161,1.387,0.6616,0.9942,36,0.6719,0,5.88,6.43
0.75,43,mpc-hier-route,10718080.2,0.8175,36.0059,35.0154,0.2433,1.3579,0.405,0.9886,37,0.7031,18383,5.13,7.43
0.75,44,mpc,11970610.5,0.921,40.1106,36.9508,0.0846,1.6512,0.7649,0.997,0,0.4375,0,25.82,27.06
0.75,44,mpc-2level,12057732.8,0.9277,40.4095,37.3111,0.0824,1.7148,0.7649,0.9966,0,0.3906,0,64.25,100.94
0.75,44,mpc-hier,11280645.0,0.8679,35.2495,33.4466,0.1693,1.3433,0.518,0.99,27,0.5781,0,5.69,6.23
0.75,44,mpc-hier-route,11411432.5,0.8779,35.7965,33.5491,0.1865,1.3411,0.5898,0.9925,30,0.6562,19068,5.15,7.33
1.0,42,mpc,11691324.8,0.9127,45.4508,42.7434,0.0972,2.1278,0.7707,0.9977,0,0.4531,0,18.22,19.61
1.0,42,mpc-2level,11779931.9,0.9196,45.6612,43.0097,0.1053,2.1755,0.7707,0.9978,0,0.4375,0,45.13,84.76
1.0,42,mpc-hier,10624827.8,0.8294,40.4169,38.5306,0.2288,1.6417,0.587,0.9879,36,0.6562,0,5.46,6.0
1.0,42,mpc-hier-route,10823044.1,0.8449,40.4068,38.7318,0.282,1.6681,0.5664,0.9891,31,0.7031,19631,5.41,7.74
1.0,43,mpc,11772897.7,0.8979,43.7893,40.8887,0.1049,2.0262,0.7862,0.9983,0,0.5469,0,19.97,21.63
1.0,43,mpc-2level,12113111.5,0.9239,44.0537,41.2221,0.1131,2.087,0.7862,0.9985,0,0.4688,0,42.0,81.11
1.0,43,mpc-hier,11126754.9,0.8486,36.6838,36.0508,0.196,1.4829,0.3612,0.986,35,0.6875,0,5.29,5.79
1.0,43,mpc-hier-route,11082746.7,0.8453,37.7002,35.8797,0.2838,1.4486,0.5551,0.9901,40,0.7656,18071,5.12,7.43
1.0,44,mpc,11798228.9,0.9077,41.8827,38.6435,0.0753,1.9344,0.8201,0.9983,0,0.4844,0,15.84,17.12
1.0,44,mpc-2level,12076743.9,0.9291,42.0404,38.8498,0.0872,1.973,0.8204,0.9983,0,0.3906,0,39.65,75.66
1.0,44,mpc-hier,11027644.9,0.8484,36.7908,34.571,0.2251,1.4575,0.6097,0.99,33,0.6406,0,5.31,5.82
1.0,44,mpc-hier-route,11256388.6,0.866,36.9997,34.5493,0.1969,1.4442,0.6393,0.9916,30,0.6562,18789,5.4,7.68
1.5,42,mpc,11782363.1,0.9198,45.7738,43.1452,0.1059,2.1979,0.7707,0.9981,0,0.4375,0,16.04,17.38
1.5,42,mpc-2level,11782363.1,0.9198,45.7738,43.1452,0.1059,2.1979,0.7707,0.9981,0,0.4375,0,39.15,80.71
1.5,42,mpc-hier,11076175.0,0.8647,39.8336,39.0939,0.2741,1.6932,0.423,0.988,30,0.6719,0,5.09,5.62
1.5,42,mpc-hier-route,11116177.1,0.8678,41.6885,40.0299,0.2415,1.8139,0.5803,0.9887,27,0.625,18990,5.89,8.31
1.5,43,mpc,12100746.7,0.9229,44.0712,41.2413,0.1116,2.0902,0.7862,0.9986,0,0.4844,0,15.33,16.7
1.5,43,mpc-2level,12113413.8,0.9239,44.0728,41.2455,0.1132,2.0912,0.7862,0.9986,0,0.4688,0,35.45,72.73
1.5,43,mpc-hier,11371365.2,0.8673,39.3403,37.4927,0.286,1.5864,0.5813,0.9907,35,0.6562,0,5.93,6.46
1.5,43,mpc-hier-route,11544388.6,0.8805,39.6562,37.379,0.2189,1.5749,0.6361,0.9929,33,0.625,18034,5.53,7.86
1.5,44,mpc,12061602.6,0.928,42.1684,39.0014,0.0849,1.9989,0.8204,0.9986,0,0.4219,0,16.85,18.25
1.5,44,mpc-2level,12079175.1,0.9293,42.1743,39.012,0.0873,2.0012,0.8204,0.9986,0,0.3906,0,36.81,76.37
1.5,44,mpc-hier,11457047.4,0.8815,36.4905,35.5543,0.2423,1.5301,0.4232,0.9917,31,0.6719,0,5.99,6.6
1.5,44,mpc-hier-route,11710785.6,0.901,37.5648,35.5249,0.1619,1.5188,0.5813,0.9935,26,0.5938,18997,7.38,10.88
2.0,42,mpc,11782539.1,0.9198,45.8097,43.1877,0.1062,2.2041,0.7707,0.9983,0,0.4375,0,18.38,20.11
2.0,42,mpc-2level,11782539.1,0.9198,45.8097,43.1877,0.1062,2.2041,0.7707,0.9983,0,0.4375,0,39.86,87.55
2.0,42,mpc-hier,11440710.9,0.8931,41.9269,39.8387,0.1538,1.7486,0.6235,0.9934,22,0.5156,0,5.85,6.46
2.0,42,mpc-hier-route,11384937.0,0.8888,41.9483,39.6868,0.2837,1.7266,0.6675,0.994,26,0.5156,17954,6.0,8.99
2.0,43,mpc,12113413.8,0.9239,44.1112,41.2922,0.1132,2.0995,0.7862,0.9986,0,0.4688,0,18.81,20.77
2.0,43,mpc-2level,12113413.8,0.9239,44.1112,41.2922,0.1132,2.0995,0.7862,0.9986,0,0.4688,0,35.56,80.7
2.0,43,mpc-hier,11566815.2,0.8822,38.9929,37.3423,0.2436,1.6295,0.5506,0.989,30,0.6094,0,6.08,6.69
2.0,43,mpc-hier-route,11777815.6,0.8983,37.4165,37.7116,0.2269,1.6467,0.2466,0.9864,28,0.6094,18502,6.57,9.45
2.0,44,mpc,12079175.1,0.9293,42.174,39.0119,0.0875,2.0012,0.8204,0.9986,0,0.3906,0,17.41,18.77
2.0,44,mpc-2level,12079175.1,0.9293,42.174,39.0119,0.0875,2.0012,0.8204,0.9986,0,0.3906,0,36.97,78.62
2.0,44,mpc-hier,11640116.3,0.8955,37.8543,35.9374,0.1872,1.6165,0.5813,0.99,27,0.5625,0,5.94,6.5
2.0,44,mpc-hier-route,11621567.4,0.8941,37.3279,36.0941,0.2242,1.613,0.4799,0.9889,26,0.625,19006,5.68,8.17
