t_s,delivered_images,utility,backlog_bits,n_active
0,18875.7,0.265,15094001657,8
30,38611.3,0.5315,14897081073,8
60,57916.9,0.7972,14700160490,8
90,77222.5,1.0629,14503239906,8
120,96528.2,1.3287,14306319323,8
150,115833.8,1.5816,14109398739,8
180,133316.1,1.8569,13912478156,8
210,151005.6,2.1197,13715557572,8
240,173750.7,2.3723,13518636989,8
270,191233.0,2.6417,13321716405,8
300,212362.0,2.8995,13124795822,8
330,229844.3,3.1855,12927875238,8
360,250973.3,3.4546,12730954655,8
390,270278.9,3.6903,12534034071,8
420,287761.2,3.9597,12337113488,8
450,308890.2,4.2175,12140192905,8
480,326372.5,4.5142,11943272321,8
510,347501.4,4.7789,11746351738,8
540,366807.1,5.0083,11549431154,8
570,384289.4,5.2863,11352510571,8
600,405418.3,5.5372,11155589987,8
630,422900.6,5.8429,10958669404,8
660,444029.6,6.0969,10761748820,8
690,463335.2,6.3263,10564828237,8
720,480817.5,6.6026,10367907653,8
750,501946.5,6.8659,10170987070,8
780,519428.8,7.1716,9974066486,8
810,540557.8,7.4148,9777145903,8
840,559863.4,7.6442,9580225319,8
870,577345.7,7.95,9383304736,8
900,598474.7,8.1827,9186384152,8
930,615957.0,8.4884,8989463569,8
960,637086.0,8.7328,8792542986,8
990,656391.6,8.9622,8595622402,8
1020,673873.9,9.2679,8398701819,8
1050,695002.9,9.5006,8201781235,8
1080,712485.2,9.8063,8004860652,8
1110,733614.1,10.0508,7807940068,8
1140,752919.8,10.2802,7611019485,8
1170,770402.1,10.5859,7414098901,8
1200,791531.0,10.8186,7217178318,8
1230,809013.3,11.1243,7020257734,8
1260,830142.3,11.3688,6823337151,8
1290,849447.9,11.5981,6626416567,8
1320,866930.2,11.8745,6429495984,8
1350,888059.2,12.1483,6232575400,8
1380,905541.5,12.454,6035654817,8
1410,926670.5,12.6867,5838734234,8
1440,944411.5,12.8788,5659437246,8
1470,957031.6,13.0781,5517284896,6
1500,973298.3,13.208,5375132546,5
1530,985964.8,13.3157,5252995715,5
1560,998120.4,13.4179,5136613219,5
1590,1010275.9,13.5201,5020230723,5
1620,1022431.5,13.6224,4903848227,5
1650,1034587.1,13.7246,4787465731,5
1680,1046742.7,13.8268,4671083235,5
1710,1058898.3,13.929,4554700739,5
1740,1071053.9,14.0312,4438318243,5
1770,1083209.5,14.1335,4321935747,5
1800,1106947.4,14.345,20208823834,13
1830,1130398.7,14.5504,19974055600,13
1860,1158781.4,14.7631,19739287367,13
1890,1182123.9,14.9825,19504519134,13
1920,1203430.7,15.1799,19269750900,13
1950,1239364.0,15.42,19034982667,13
1980,1266284.1,15.6253,18800214433,13
2010,1289013.7,15.8289,18565446200,13
2040,1309856.0,16.024,18330677967,13
2070,1331587.6,16.2175,18095909733,13
2100,1362194.1,16.4274,17861141500,13
2130,1386218.7,16.6334,17626373266,13
2160,1409027.7,16.8558,17391605033,13
2190,1440148.9,17.0599,17156836800,13
2220,1463886.9,17.2638,16922068566,12
2250,1489313.8,17.4679,16687300333,12
2280,1511371.7,17.6868,16452532100,12
2310,1537540.8,17.9098,16217763866,12
2340,1576794.4,18.1293,15982995633,12
2370,1597636.7,18.3354,15748227399,12
2400,1623805.8,18.5148,15513459166,12
2430,1655341.3,18.7081,15278690933,12
2460,1681111.1,18.9281,15043922699,12
2490,1701953.4,19.1268,14809154466,11
2520,1722795.8,19.2891,14574386232,11
2550,1760547.2,19.5125,14339617999,11
2580,1800265.2,19.7116,14104849766,11
2610,1823538.7,19.8828,13870081532,11
2640,1845596.6,20.0684,13635313299,11
2670,1874162.3,20.2479,13400545065,11
2700,1902154.7,20.4405,13165776832,11
2730,1925892.6,20.6166,12931008599,11
2760,1950025.9,20.8017,12696240365,11
2790,1979233.9,20.9885,12461472132,11
2820,2005867.4,21.1602,12226703899,11
2850,2029877.8,21.3326,11991935665,11
2880,2050720.1,21.5031,11757167432,11
2910,2074458.1,21.6717,11522399198,11
2940,2100627.1,21.8616,11287630965,11
2970,2127274.8,22.041,11052862732,11
3000,2166671.7,22.2376,10818094498,11
3030,2191553.2,22.3931,10592597304,11
3060,2213611.2,22.5441,10385213187,10
3090,2238708.0,22.6979,10177829070,10
3120,2259427.4,22.8421,9970444954,10
3150,2286128.9,23.021,9766907587,10
3180,2306506.8,23.2065,9571601266,9
3210,2326884.7,23.3921,9376294945,9
3240,2353855.3,23.5766,9180988624,9
3270,2374233.2,23.7621,8985682303,9
3300,2402368.9,23.946,8790375982,9
3330,2428073.5,24.13,8595069662,9
3360,2448451.3,24.3155,8399763341,9
3390,2474155.9,24.4995,8204457020,9
3420,2499396.0,24.6848,8009150699,9
3450,2523420.6,24.8696,7813844378,9
3480,2545014.1,25.055,7618538057,9
3510,2565391.9,25.2406,7423231736,9
3540,2585769.8,25.4262,7227925415,9
3570,2611474.4,25.6102,7032619094,9
3600,2640825.7,25.8513,18695352301,17
3630,2665670.4,26.1157,18460584068,17
3660,2694092.7,26.3615,18225815834,17
3690,2726052.9,26.6181,17991047601,17
3720,2757548.7,26.8766,17756279367,17
3750,2808087.6,27.1544,17521511134,17
3780,2831968.9,27.3301,17286742901,17
3810,2855850.1,27.5277,17051974667,17
3840,2883916.8,27.7118,16817206434,17
3870,2909013.6,27.8804,16582438200,17
3900,2937613.8,28.1377,16347669967,17
3930,2968140.9,28.3185,16112901734,17
3960,2992022.1,28.4896,15878133500,17
3990,3025949.0,28.7674,15643365267,16
4020,3054549.2,29.0622,15408597033,16
4050,3083149.3,29.2941,15173828800,16
4080,3108429.2,29.51,14939060567,16
4110,3136095.2,29.6711,14704292333,16
4140,3163132.4,29.8809,14469524100,16
4170,3186870.3,30.0381,14234755867,15
4200,3210431.8,30.2168,13999987633,15
4230,3237816.4,30.4344,13765219400,15
4260,3260338.8,30.6109,13530451166,15
4290,3288187.9,30.8764,13295682933,15
4320,3315285.9,31.0214,13060914700,15
4350,3340239.4,31.2489,12826146466,15
4380,3368088.5,31.4275,12591378233,15
4410,3395937.6,31.6416,12356609999,14
4440,3442375.7,31.853,12121841766,14
4470,3470224.8,32.0975,11887073533,14
4500,3502185.0,32.2944,11652305299,14
4530,3529600.7,32.5353,11417537066,14
4560,3557449.8,32.7714,11182768833,14
4590,3582403.3,33.0205,10948000599,14
4620,3611467.9,33.2195,10713232366,14
4650,3643428.2,33.3676,10478464132,14
4680,3672492.8,33.5719,10243695899,14
4710,3701557.5,33.7693,10008927666,14
4740,3730622.1,33.9688,9774159432,14
4770,3754360.0,34.2355,9539391199,13
4800,3778098.0,34.4966,9304622965,13
4830,3801835.9,34.7239,9069854732,13
4860,3848134.7,34.9408,8835086499,13
4890,3877199.3,35.1088,8600318265,12
4920,3906264.0,35.3187,8365550032,12
4950,3942842.3,35.6228,8130781798,12
4980,3966580.2,35.8755,7896013565,11
5010,4006298.3,36.1617,7661245332,11
5040,4030475.1,36.4615,7426477098,11
5070,4056644.2,36.8182,7191708865,10
5100,4082813.2,37.0962,6956940632,10
5130,4108356.0,37.3739,6729226492,10
5160,4137420.7,37.5934,6521842375,9
5190,4173714.8,37.9217,6314458258,9
5220,4199883.8,38.2313,6107074142,9
5250,4269595.5,38.5247,5899690025,9
5280,4293333.4,38.8509,5692305908,9
5310,4317071.3,39.1837,5484921792,9
5340,4347228.9,39.4999,5277537675,9
5370,4376293.6,39.7733,5070153558,9
5400,4423769.4,40.1124,17444133741,17
5430,4449938.5,40.4529,17209365508,16
5460,4481577.6,40.7976,16974597274,16
5490,4540659.1,41.1519,16739829041,16
5520,4568043.7,41.4538,16505060807,16
5550,4590101.6,41.7483,16270292574,16
5580,4613744.9,42.0564,16035524341,16
5610,4651782.9,42.3383,15800756107,16
5640,4695147.6,42.7134,15565987874,16
5670,4722532.2,43.0537,15331219640,16
5700,4761183.2,43.365,15096451407,16
5730,4788567.8,43.6817,14861683174,16
5760,4849237.0,44.045,14626914940,16
5790,4897388.9,44.4366,14392146707,16
5820,4931796.5,44.7155,14157378473,16
5850,4960287.9,45.0175,13922610240,16
5880,4982345.8,45.2594,13687842007,16
5910,5009873.7,45.5311,13453073773,16
5940,5033755.0,45.8006,13218305540,16
5970,5057347.0,46.1268,12983537307,16
6000,5090666.1,46.4219,12748769073,15
6030,5117551.7,46.6538,12514000840,15
6060,5141433.0,46.9359,12279232606,15
6090,5165314.2,47.1978,12044464373,15
6120,5203352.2,47.4905,11809696140,15
6150,5227233.5,47.7722,11574927906,15
6180,5256441.4,48.0386,11340159673,15
6210,5285649.4,48.3037,11105391439,15
6240,5329598.8,48.6305,10870623206,14
6270,5358806.7,48.8891,10635854973,13
6300,5382688.0,49.208,10401086739,13
6330,5411895.9,49.4906,10166318506,12
6360,5435777.2,49.718,9931550273,12
6390,5464508.2,49.9948,9696782039,12
6420,5493716.2,50.274,9462013806,12
6450,5537080.9,50.5776,9227245572,12
6480,5560962.2,50.8173,8992477339,12
6510,5584843.4,51.0731,8757709106,12
6540,5608724.7,51.2843,8522940872,12
6570,5634425.0,51.5346,8288172639,12
6600,5663632.9,51.7821,8053404405,12
6630,5724801.1,52.0216,7818636172,12
6660,5748682.3,52.2745,7583867939,12
6690,5776697.2,52.5573,7349099705,12
6720,5800578.4,52.8101,7114331472,12
6750,5842446.1,53.1234,6879563238,11
6780,5866327.4,53.4019,6644795005,11
6810,5908471.4,53.6948,6410026772,11
6840,5937679.3,53.9662,6175258538,11
6870,5966887.3,54.2814,5940490305,11
6900,5999729.0,54.5822,5705722072,11
6930,6037767.0,54.8409,5470953838,11
6960,6068333.8,55.1386,5236185605,11
6990,6106562.6,55.3983,5001417371,11
7020,6136891.1,55.6935,4767184137,11
7050,6162288.2,55.9643,4547916714,11
7080,6186920.5,56.1903,4328649291,10
7110,6223343.7,56.4539,4136032054,10
7140,6245544.9,56.679,3944148748,9
7170,6267746.1,56.9041,3752265442,9
7200,6291627.4,57.2296,17186248568,17
7230,6312504.3,57.5868,16951480335,17
7260,6352973.4,57.9119,16716712101,17
7290,6375960.2,58.147,16481943868,17
7320,6400982.8,58.4211,16247175635,17
7350,6424256.3,58.7866,16012407401,17
7380,6447707.6,59.0735,15777639168,17
7410,6468693.2,59.3981,15542870934,17
7440,6516455.7,59.7325,15308102701,17
7470,6547101.8,60.0632,15073334468,17
7500,6573524.5,60.3109,14838566234,17
7530,6594366.8,60.6261,14603798001,16
7560,6629010.2,60.9342,14369029767,16
7590,6651979.8,61.1731,14134261534,16
7620,6693165.5,61.4832,13899493301,16
7650,6719603.9,61.8439,13664725067,16
7680,6758553.6,62.1446,13429956834,16
7710,6786546.0,62.3329,13195188601,15
7740,6814538.4,62.6433,12960420367,15
7770,6852147.2,62.9191,12725652134,15
7800,6878913.7,63.1628,12490883900,15
7830,6899756.0,63.4587,12256115667,14
7860,6929285.1,63.8209,12021347434,14
7890,6958064.7,64.089,11786579200,14
7920,6978907.1,64.342,11551810967,14
7950,6999749.4,64.6291,11317042733,14
7980,7025918.5,64.94,11082274500,14
8010,7046760.8,65.2761,10847506267,14
8040,7072929.9,65.5811,10612738033,14
8070,7105463.3,65.7541,10377969800,14
8100,7152939.2,66.0451,10143201566,14
8130,7179108.3,66.2257,9908433333,14
8160,7202991.8,66.577,9675253360,14
8190,7221403.1,66.8431,9467869244,13
8220,7239814.3,67.142,9260485127,13
8250,7263087.8,67.325,9053101010,13
8280,7290978.8,67.6212,8845716893,13
8310,7323593.5,67.9099,8638332777,13
8340,7342004.7,68.2658,8430948660,12
8370,7360416.0,68.6107,8223564543,12
8400,7386585.0,68.9145,8016180427,12
8430,7412186.0,69.1735,7808796310,12
8460,7451904.1,69.4663,7601412193,12
8490,7470315.3,69.7555,7394028077,12
8520,7488726.5,69.9997,7186643960,12
8550,7511248.9,70.3426,6979259843,12
8580,7536202.4,70.5918,6771875727,11
8610,7554613.6,70.8812,6564491610,9
8640,7580782.7,71.1724,6357107493,9
8670,7599193.9,71.5177,6149723376,9
8700,7617605.1,71.8502,5942339260,8
8730,7647164.6,72.1361,5734955143,8
8760,7682771.6,72.3409,5527571026,8
8790,7706796.1,72.5544,5320186910,8
8820,7725207.3,72.8869,5112802793,7
8850,7748980.8,73.1019,4916972260,7
8880,7769072.0,73.2736,4762742114,6
8910,7784587.7,73.4714,4608511968,6
8940,7800103.3,73.6191,4454281823,6
8970,7816370.0,73.8372,4300051677,6
9000,7838605.8,74.1251,14545762419,14
9030,7873105.9,74.4771,14310994186,14
9060,7896987.2,74.811,14076225953,14
9090,7919045.1,75.109,13841457719,14
9120,7951751.2,75.4579,13606689486,14
9150,7975202.5,75.7474,13371921252,14
9180,8000907.1,76.0225,13137153019,14
9210,8027820.3,76.3832,12902384786,14
9240,8051701.6,76.7243,12667616552,14
9270,8084062.4,77.0497,12432848319,14
9300,8112054.8,77.3881,12198080085,14
9330,8139582.7,77.7065,11963311852,14
9360,8161640.6,77.9895,11728543619,14
9390,8187809.7,78.26,11493775385,14
9420,8210711.9,78.5583,11259007152,14
9450,8234862.3,78.8722,11024238919,14
9480,8256920.2,79.1817,10789470685,14
9510,8283553.7,79.5568,10554702452,14
9540,8305611.6,79.8395,10319934218,14
9570,8331604.2,80.1633,10087153688,14
9600,8367211.1,80.3613,9879769572,13
9630,8386837.9,80.6505,9672385455,13
9660,8407211.2,80.9162,9465001338,13
9690,8425622.4,81.199,9257617222,12
9720,8449360.4,81.486,9050233105,12
9750,8472986.1,81.7623,8842848988,12
9780,8504447.3,82.0221,8635464872,12
9810,8522858.5,82.272,8428080755,12
9840,8544165.3,82.5908,8220696638,12
9870,8570798.9,82.9528,8013312522,12
9900,8589210.1,83.2537,7805928405,12
9930,8613091.3,83.501,7598544288,12
9960,8634398.1,83.7785,7391160171,12
9990,8655705.0,84.0352,7183776055,12
10020,8677011.8,84.3466,6976391938,12
10050,8700749.7,84.6898,6769007821,12
10080,8719161.0,84.9289,6561623705,11
10110,8740467.8,85.238,6354239588,11
10140,8758879.0,85.4758,6146855471,11
10170,8780185.8,85.7223,5939471355,11
10200,8817472.8,85.9678,5732087238,11
10230,8853148.7,86.22,5524703121,11
10260,8877351.1,86.4799,5317319005,11
10290,8898657.9,86.7858,5109934888,11
10320,8919964.8,87.0192,4902550771,11
10350,8954720.0,87.2856,4695166654,11
10380,8988538.1,87.5663,4487782538,9
10410,9033582.9,87.9023,4280398421,9
10440,9061635.7,88.2281,4084411190,8
10470,9104249.3,88.549,3904411190,7
10500,9132276.3,88.8341,3724411190,7
10530,9153583.1,89.164,3544411190,7
10560,9174889.9,89.4668,3364411190,7
10590,9196196.7,89.7236,3184411190,7
10620,9217503.5,89.9977,3004411190,7
10650,9251972.6,90.2882,2824411190,7
10680,9273279.4,90.5499,2644411190,7
10710,9299912.9,90.9073,2464411190,7
10740,9342526.5,91.2312,2284411190,6
10770,9364584.4,91.4822,2104411190,6
10800,9396688.0,91.8192,14590589186,14
10830,9416779.2,92.0987,14383205069,14
10860,9443625.1,92.3772,14175820952,14
10890,9477690.2,92.6508,13968436836,14
10920,9497316.9,92.9234,13761052719,14
10950,9522270.4,93.2356,13553668602,14
10980,9546176.5,93.5395,13346284485,14
11010,9565981.1,93.8199,13138900369,13
11040,9589719.0,94.1331,12931516252,13
11070,9613457.0,94.3585,12724132135,13
11100,9642521.6,94.6945,12516748019,13
11130,9663255.2,94.9851,12309363902,13
11160,9689206.7,95.192,12101979785,13
11190,9712944.6,95.4551,11894595669,13
11220,9731355.9,95.7284,11687211552,13
11250,9752662.7,95.9907,11479827435,13
11280,9797707.4,96.2642,11272443319,12
11310,9826772.1,96.4993,11065059202,12
11340,9860194.8,96.7242,10857675085,12
11370,9878606.0,96.9746,10650290968,12
11400,9898410.6,97.2602,10442906852,12
11430,9922148.6,97.5925,10235522735,12
11460,9951613.7,97.8996,10028138618,12
11490,9975351.6,98.1897,9820754502,11
11520,9997587.4,98.4897,9613370385,11
11550,10022540.9,98.7763,9405986268,11
11580,10044215.5,99.067,9198602152,11
11610,10073280.1,99.39,8991218035,11
11640,10099449.2,99.6258,8783833918,11
11670,10119350.5,99.9302,8576449802,11
11700,10138977.3,100.2146,8369065685,11
11730,10181590.9,100.4752,8161681568,11
11760,10213743.9,100.7574,7954297451,11
11790,10239095.0,100.9676,7747221777,10
11820,10262368.4,101.2597,7558761485,9
11850,10285641.9,101.4485,7370301194,9
11880,10307974.9,101.7355,7181840902,9
11910,10329194.3,101.9531,6993380610,9
11940,10360939.9,102.1811,6804920318,9
11970,10378886.7,102.4444,6616460027,8
12000,10396833.5,102.7076,6427999735,8
12030,10425720.3,102.9142,6239539443,8
12060,10455536.0,103.1342,6051079151,8
12090,10475673.3,103.3739,5862618860,8
12120,10494852.3,103.6387,5683526621,8
12150,10512334.6,103.8889,5513990154,8
12180,10531327.1,104.118,5344453687,8
12210,10551705.0,104.3278,5174917220,8
12240,10574530.1,104.5422,5005380754,8
12270,10602320.5,104.7448,4835844287,8
12300,10622841.7,104.9719,4666307820,8
12330,10641407.1,105.1642,4518801705,8
12360,10658424.9,105.3306,4388727150,7
12390,10675442.7,105.497,4258652596,7
12420,10692460.6,105.6633,4128578042,7
12450,10709478.4,105.8297,3998503487,7
12480,10726496.2,105.996,3868428933,7
12510,10743514.0,106.1624,3738354379,7
12540,10760531.9,106.3287,3608279825,7
12570,10777549.7,106.4951,3478205270,7
12600,10801232.3,106.7958,16246076194,15
12630,10824683.6,107.0392,16038692077,14
12660,10852819.3,107.2987,15831307960,14
12690,10872910.6,107.6198,15623923844,14
12720,10910513.0,107.8881,15416539727,14
12750,10935002.0,108.1401,15209155610,14
12780,10958697.4,108.3475,15001771493,14
12810,10983650.9,108.6393,14794387377,14
12840,11014504.3,108.8918,14587003260,14
12870,11035346.7,109.1909,14379619143,14
12900,11064233.4,109.448,14172235027,14
12930,11096050.4,109.7095,13964850910,14
12960,11116892.7,109.9632,13757466793,14
12990,11141846.2,110.1696,13550082677,14
13020,11175022.0,110.3999,13342698560,14
13050,11199975.5,110.6944,13135314443,14
13080,11224929.0,110.9104,12927930327,14
13110,11251957.9,111.1631,12720546210,14
13140,11272800.3,111.4519,12513162093,14
13170,11297753.8,111.6531,12305777976,14
13200,11333251.9,111.8591,12098393860,14
13230,11357779.1,112.1178,11891009743,14
13260,11378621.4,112.3785,11683625626,13
13290,11399463.8,112.61,11476241510,13
13320,11424417.3,112.8674,11268857393,13
13350,11457593.1,113.1737,11061473276,13
13380,11478435.4,113.4587,10854089160,13
13410,11499277.8,113.7297,10646705043,13
13440,11520120.1,113.9706,10439320926,13
13470,11545073.6,114.1677,10231936809,13
13500,11577283.1,114.3408,10024552693,13
13530,11602236.6,114.5375,9817168576,12
13560,11623079.0,114.7934,9609784459,12
13590,11643921.3,115.0767,9402400343,12
13620,11668874.8,115.3083,9195016226,12
13650,11693828.3,115.4988,8987632109,12
13680,11727004.1,115.6715,8780247993,12
13710,11751957.6,115.9367,8572863876,12
13740,11776911.1,116.1734,8365479759,12
13770,11801864.6,116.4427,8158095643,12
13800,11822706.9,116.6944,7950711526,12
13830,11847660.4,116.9771,7743327409,12
13860,11880836.2,117.1843,7535943292,12
13890,11904377.7,117.4182,7328559176,12
13920,11930260.2,117.6977,7121175059,12
13950,11955213.6,117.9895,6913790942,12
13980,11980167.1,118.2435,6706406826,11
14010,12005120.6,118.5384,6499022709,11
14040,12052221.9,118.7552,6291638592,11
14070,12077175.4,118.9947,6084254476,10
14100,12103189.0,119.2757,5876870359,10
14130,12125833.0,119.5597,5669486242,10
14160,12150786.5,119.7991,5462102126,9
14190,12170413.3,120.0574,5254718009,9
14220,12195366.8,120.2821,5047333892,9
14250,12218357.7,120.545,4862056534,8
14280,12232657.8,120.7233,4714672417,7
14310,12246957.9,120.9016,4567288300,7
14340,12278918.1,121.0548,4419904184,7
14370,12305551.6,121.2677,4272520067,7
14400,12325178.4,121.4497,4125135950,7
14430,12339478.5,121.628,3977751834,7
14460,12366605.6,121.8451,3830367717,7
14490,12385016.8,122.0675,3682983600,6
14520,12419408.2,122.3348,3535599484,6
14550,12450152.8,122.4981,3388215367,6
14580,12470387.4,122.725,3240831250,6
14610,12490622.0,122.9215,3093447134,6
14640,12510189.7,123.0519,2946063017,5
14670,12525834.7,123.2115,2798678900,4
14700,12538196.0,123.2972,2685368334,3
14730,12548384.9,123.3675,2584292159,3
14760,12558573.9,123.4377,2483215984,3
14790,12568762.8,123.5079,2382139809,3
14820,12578951.7,123.5782,2281063634,3
14850,12589140.7,123.6484,2179987458,3
14880,12599329.6,123.7187,2078911283,3
14910,12609518.6,123.7889,1977835108,3
14940,12619707.5,123.8592,1876758933,3
14970,12627210.4,123.907,1805938389,3
15000,12634503.8,123.953,1737478098,3
15030,12641797.1,123.9991,1669017806,3
15060,12649090.5,124.0451,1600557514,3
15090,12656383.8,124.0911,1532097222,3
15120,12663677.2,124.1372,1463636931,3
15150,12670970.5,124.1832,1395176639,3
15180,12678263.9,124.2288,1326716347,3
15210,12685557.2,124.2725,1258256055,3
15240,12692850.6,124.3144,1189795764,3
15270,12700143.9,124.3547,1121335472,3
15300,12707437.3,124.3928,1052875180,3
15330,12714730.7,124.4289,984414888,3
15360,12722024.0,124.4633,915954597,3
15390,12729317.4,124.496,847494305,3
15420,12736610.7,124.5272,779034013,3
15450,12743904.1,124.5571,710573722,3
15480,12751197.4,124.5858,642113430,3
15510,12758490.8,124.6134,573653138,3
15540,12763040.7,124.6271,528622751,3
15570,12765471.8,124.6302,501238635,1
15600,12767902.9,124.6329,473854518,1
15630,12770334.1,124.6355,446470401,1
15660,12772765.2,124.6377,419086285,1
15690,12775196.3,124.6398,391702168,1
15720,12777627.4,124.6416,364318051,1
15750,12780058.5,124.6433,336933934,1
15780,12782489.7,124.6448,309549818,1
15810,12784920.8,124.6462,282165701,1
15840,12787351.9,124.6474,254781584,1
15870,12789783.0,124.6486,227397468,1
15900,12792214.1,124.6496,200013351,1
15930,12794645.3,124.6505,172629234,1
15960,12797076.4,124.6513,145245118,1
15990,12799507.5,124.6521,117861001,1
16020,12801938.6,124.6528,90476884,1
16050,12804369.7,124.6534,63092768,1
16080,12806800.8,124.6539,35708651,1
16110,12809232.0,124.6545,8324534,1
16140,12809971.0,124.6546,0,1
16170,12809971.0,124.6546,0,0
16200,12809971.0,124.6546,0,0
16230,12809971.0,124.6546,0,0
16260,12809971.0,124.6546,0,0
16290,12809971.0,124.6546,0,0
16320,12809971.0,124.6546,0,0
16350,12809971.0,124.6546,0,0
16380,12809971.0,124.6546,0,0
16410,12809971.0,124.6546,0,0
16440,12809971.0,124.6546,0,0
16470,12809971.0,124.6546,0,0
16500,12809971.0,124.6546,0,0
16530,12809971.0,124.6546,0,0
16560,12809971.0,124.6546,0,0
16590,12809971.0,124.6546,0,0
16620,12809971.0,124.6546,0,0
16650,12809971.0,124.6546,0,0
16680,12809971.0,124.6546,0,0
16710,12809971.0,124.6546,0,0
16740,12809971.0,124.6546,0,0
16770,12809971.0,124.6546,0,0
16800,12809971.0,124.6546,0,0
16830,12809971.0,124.6546,0,0
16860,12809971.0,124.6546,0,0
16890,12809971.0,124.6546,0,0
16920,12809971.0,124.6546,0,0
16950,12809971.0,124.6546,0,0
16980,12809971.0,124.6546,0,0
17010,12809971.0,124.6546,0,0
17040,12809971.0,124.6546,0,0
17070,12809971.0,124.6546,0,0
17100,12809971.0,124.6546,0,0
17130,12809971.0,124.6546,0,0
17160,12809971.0,124.6546,0,0
17190,12809971.0,124.6546,0,0
17220,12809971.0,124.6546,0,0
17250,12809971.0,124.6546,0,0
17280,12809971.0,124.6546,0,0
17310,12809971.0,124.6546,0,0
17340,12809971.0,124.6546,0,0
17370,12809971.0,124.6546,0,0
17400,12809971.0,124.6546,0,0
17430,12809971.0,124.6546,0,0
17460,12809971.0,124.6546,0,0
17490,12809971.0,124.6546,0,0
17520,12809971.0,124.6546,0,0
17550,12809971.0,124.6546,0,0
17580,12809971.0,124.6546,0,0
17610,12809971.0,124.6546,0,0
17640,12809971.0,124.6546,0,0
17670,12809971.0,124.6546,0,0
17700,12809971.0,124.6546,0,0
17730,12809971.0,124.6546,0,0
17760,12809971.0,124.6546,0,0
17790,12809971.0,124.6546,0,0
17820,12809971.0,124.6546,0,0
17850,12809971.0,124.6546,0,0
17880,12809971.0,124.6546,0,0
17910,12809971.0,124.6546,0,0
17940,12809971.0,124.6546,0,0
17970,12809971.0,124.6546,0,0
18000,12809971.0,124.6546,0,0
