t_s,isl_feasible,isl_feasible_intra,isl_feasible_inter,isl_dist_min_km,isl_dist_max_km,sats_visible_Tokyo,sats_visible_New-York,sats_visible_Sao-Paulo,sats_visible_Sydney
0,2312,1156,1156,454.7,1315.7,15,15,10,12
30,2312,1156,1156,455.7,1315.7,16,19,11,12
60,2312,1156,1156,459.1,1315.7,13,22,12,13
90,2312,1156,1156,463.9,1315.7,12,22,10,15
120,2312,1156,1156,458.6,1315.7,13,22,10,15
150,2312,1156,1156,455.5,1315.7,14,16,11,12
180,2312,1156,1156,454.8,1315.7,14,16,9,12
210,2312,1156,1156,456.4,1315.7,15,19,11,12
240,2312,1156,1156,460.4,1315.7,13,21,12,13
270,2312,1156,1156,462.2,1315.7,12,21,9,14
300,2312,1156,1156,457.4,1315.7,14,21,11,14
330,2312,1156,1156,455.0,1315.7,14,16,11,13
360,2312,1156,1156,455.0,1315.7,14,16,9,13
390,2312,1156,1156,457.3,1315.7,15,19,11,12
420,2312,1156,1156,462.0,1315.7,13,21,12,13
450,2312,1156,1156,460.6,1315.7,14,21,9,14
480,2312,1156,1156,456.5,1315.7,15,21,11,14
510,2312,1156,1156,454.8,1315.7,13,17,11,14
540,2312,1156,1156,455.4,1315.7,14,16,10,13
570,2312,1156,1156,458.4,1315.7,14,19,11,12
600,2312,1156,1156,463.7,1315.7,13,19,12,13
630,2312,1156,1156,459.2,1315.7,14,21,11,14
660,2312,1156,1156,455.8,1315.7,15,21,11,14
690,2312,1156,1156,454.7,1315.7,14,17,12,14
720,2312,1156,1156,456.0,1315.7,14,17,10,13
750,2312,1156,1156,459.7,1315.7,15,19,10,12
780,2312,1156,1156,463.0,1315.7,14,19,12,13
810,2312,1156,1156,458.0,1315.7,14,21,11,12
840,2312,1156,1156,455.2,1315.7,15,22,11,14
870,2312,1156,1156,454.9,1315.7,14,17,12,15
900,2312,1156,1156,456.8,1315.7,13,17,10,13
930,2312,1156,1156,461.2,1315.7,15,19,10,12
960,2312,1156,1156,461.4,1315.7,14,18,11,12
990,2312,1156,1156,457.0,1315.7,14,21,11,12
1020,2312,1156,1156,454.9,1315.7,15,23,11,15
1050,2312,1156,1156,455.2,1315.7,14,17,11,15
1080,2312,1156,1156,457.8,1315.7,13,17,10,13
1110,2312,1156,1156,462.8,1315.7,14,18,10,11
1140,2312,1156,1156,459.9,1315.7,13,17,11,12
1170,2312,1156,1156,456.1,1315.7,15,20,11,12
1200,2312,1156,1156,454.7,1315.7,14,22,11,13
1230,2312,1156,1156,455.7,1315.7,13,17,12,14
1260,2312,1156,1156,459.0,1315.7,13,17,10,12
1290,2312,1156,1156,464.0,1315.7,16,18,10,12
1320,2312,1156,1156,458.6,1315.7,15,17,12,12
1350,2312,1156,1156,455.5,1315.7,16,20,11,12
1380,2312,1156,1156,454.8,1315.7,12,21,11,14
1410,2312,1156,1156,456.4,1315.7,13,18,12,14
1440,2312,1156,1156,460.4,1315.7,13,17,11,12
1470,2312,1156,1156,462.2,1315.7,16,17,10,13
1500,2312,1156,1156,457.5,1315.7,15,17,11,12
1530,2312,1156,1156,455.1,1315.7,16,21,11,14
1560,2312,1156,1156,455.0,1315.7,12,21,9,14
1590,2312,1156,1156,457.3,1315.7,13,19,12,13
1620,2312,1156,1156,461.9,1315.7,13,18,11,13
1650,2312,1156,1156,460.6,1315.7,16,16,9,13
1680,2312,1156,1156,456.5,1315.7,15,17,11,12
1710,2312,1156,1156,454.8,1315.7,16,20,11,14
1740,2312,1156,1156,455.4,1315.7,12,21,9,15
1770,2312,1156,1156,458.4,1315.7,13,19,12,12
1800,2312,1156,1156,463.7,1315.7,13,19,11,13
1830,2312,1156,1156,459.2,1315.7,16,16,9,14
1860,2312,1156,1156,455.8,1315.7,15,17,11,12
1890,2312,1156,1156,454.7,1315.7,16,21,10,13
1920,2312,1156,1156,456.0,1315.7,12,21,10,15
1950,2312,1156,1156,459.7,1315.7,12,20,12,13
1980,2312,1156,1156,463.1,1315.7,13,19,10,13
2010,2312,1156,1156,458.0,1315.7,15,17,9,14
2040,2312,1156,1156,455.3,1315.7,16,17,10,12
2070,2312,1156,1156,454.9,1315.7,15,21,9,13
2100,2312,1156,1156,456.8,1315.7,13,21,11,13
2130,2312,1156,1156,461.1,1315.7,12,20,11,13
2160,2312,1156,1156,461.4,1315.7,14,19,11,12
2190,2312,1156,1156,457.0,1315.7,15,17,11,13
2220,2312,1156,1156,454.9,1315.7,16,16,12,13
2250,2312,1156,1156,455.2,1315.7,15,21,10,13
2280,2312,1156,1156,457.8,1315.7,13,21,12,13
2310,2312,1156,1156,462.8,1315.7,12,21,10,15
2340,2312,1156,1156,459.9,1315.7,14,19,10,12
2370,2312,1156,1156,456.2,1315.7,14,17,12,12
2400,2312,1156,1156,454.7,1315.7,16,15,10,13
2430,2312,1156,1156,455.7,1315.7,14,21,11,11
2460,2312,1156,1156,459.0,1315.7,13,22,11,14
2490,2312,1156,1156,464.0,1315.7,12,22,9,15
2520,2312,1156,1156,458.6,1315.7,15,20,10,13
2550,2312,1156,1156,455.5,1315.7,14,15,10,12
2580,2312,1156,1156,454.8,1315.7,15,16,9,12
2610,2312,1156,1156,456.4,1315.7,14,19,11,12
2640,2312,1156,1156,460.4,1315.7,13,22,11,15
2670,2312,1156,1156,462.3,1315.7,12,23,10,16
2700,2312,1156,1156,457.5,1315.7,14,19,10,13
2730,2312,1156,1156,455.1,1315.7,14,15,10,12
2760,2312,1156,1156,455.0,1315.7,14,17,9,13
2790,2312,1156,1156,457.3,1315.7,14,19,11,12
2820,2312,1156,1156,461.9,1315.7,13,20,12,15
2850,2312,1156,1156,460.7,1315.7,12,22,10,15
2880,2312,1156,1156,456.6,1315.7,15,19,10,14
2910,2312,1156,1156,454.8,1315.7,13,17,10,13
2940,2312,1156,1156,455.4,1315.7,14,17,10,13
2970,2312,1156,1156,458.4,1315.7,15,19,11,12
3000,2312,1156,1156,463.6,1315.7,13,20,12,15
3030,2312,1156,1156,459.3,1315.7,13,22,11,15
3060,2312,1156,1156,455.8,1315.7,15,20,11,15
3090,2312,1156,1156,454.7,1315.7,14,17,10,14
3120,2312,1156,1156,456.0,1315.7,15,17,10,12
3150,2312,1156,1156,459.6,1315.7,15,17,11,12
3180,2312,1156,1156,463.1,1315.7,14,20,12,14
3210,2312,1156,1156,458.1,1315.7,14,22,11,13
3240,2312,1156,1156,455.3,1315.7,14,19,11,16
3270,2312,1156,1156,454.8,1315.7,14,17,9,14
3300,2312,1156,1156,456.8,1315.7,15,18,10,12
3330,2312,1156,1156,461.1,1315.7,14,17,11,12
3360,2312,1156,1156,461.5,1315.7,14,20,11,13
3390,2312,1156,1156,457.0,1315.7,15,23,10,13
3420,2312,1156,1156,454.9,1315.7,13,19,11,16
3450,2312,1156,1156,455.2,1315.7,14,17,10,15
3480,2312,1156,1156,457.8,1315.7,15,18,10,12
3510,2312,1156,1156,462.7,1315.7,14,17,10,13
3540,2312,1156,1156,460.0,1315.7,14,19,12,12
3570,2312,1156,1156,456.2,1315.7,15,23,11,12
3600,2312,1156,1156,454.7,1315.7,13,19,11,16
3630,2312,1156,1156,455.7,1315.7,13,17,11,15
3660,2312,1156,1156,459.0,1315.7,15,19,10,13
3690,2312,1156,1156,464.1,1315.7,14,18,10,12
3720,2312,1156,1156,458.7,1315.7,14,19,11,12
3750,2312,1156,1156,455.5,1315.7,15,23,11,13
3780,2312,1156,1156,454.8,1315.7,12,20,11,15
3810,2312,1156,1156,456.4,1315.7,13,18,11,14
3840,2312,1156,1156,460.3,1315.7,15,19,10,12
3870,2312,1156,1156,462.3,1315.7,14,18,10,13
3900,2312,1156,1156,457.5,1315.7,14,19,11,12
3930,2312,1156,1156,455.1,1315.7,14,24,11,12
3960,2312,1156,1156,455.0,1315.7,12,20,10,14
3990,2312,1156,1156,457.3,1315.7,13,18,11,14
4020,2312,1156,1156,461.8,1315.7,14,19,10,13
4050,2312,1156,1156,460.7,1315.7,15,18,9,13
4080,2312,1156,1156,456.6,1315.7,14,17,11,12
4110,2312,1156,1156,454.8,1315.7,15,24,11,13
4140,2312,1156,1156,455.4,1315.7,12,20,11,14
4170,2312,1156,1156,458.3,1315.7,13,18,11,14
4200,2312,1156,1156,463.6,1315.7,14,19,10,13
4230,2312,1156,1156,459.3,1315.7,16,17,9,13
4260,2312,1156,1156,455.8,1315.7,14,17,10,12
4290,2312,1156,1156,454.7,1315.6,14,24,11,13
4320,2312,1156,1156,456.0,1315.7,12,20,10,14
4350,2312,1156,1156,459.6,1315.7,13,19,11,15
4380,2312,1156,1156,463.2,1315.7,15,19,9,13
4410,2312,1156,1156,458.1,1315.7,16,17,10,12
4440,2312,1156,1156,455.3,1315.7,14,17,10,13
4470,2312,1156,1156,454.8,1315.7,14,24,10,13
4500,2312,1156,1156,456.8,1315.7,12,21,10,14
4530,2312,1156,1156,461.0,1315.7,13,19,11,14
4560,2312,1156,1156,461.5,1315.7,15,19,11,13
4590,2312,1156,1156,457.1,1315.7,16,15,10,12
4620,2312,1156,1156,454.9,1315.7,14,17,10,13
4650,2312,1156,1156,455.2,1315.7,13,23,9,13
4680,2312,1156,1156,457.8,1315.7,12,21,10,14
4710,2312,1156,1156,462.7,1315.7,13,19,10,14
4740,2312,1156,1156,460.0,1315.7,16,18,11,13
4770,2312,1156,1156,456.2,1315.7,16,15,12,12
4800,2312,1156,1156,454.7,1315.7,17,17,11,13
4830,2312,1156,1156,455.7,1315.7,13,22,10,12
4860,2312,1156,1156,458.9,1315.7,12,22,10,15
4890,2312,1156,1156,464.1,1315.7,12,20,10,14
4920,2312,1156,1156,458.7,1315.7,16,18,11,13
4950,2312,1156,1156,455.5,1315.7,15,14,11,11
4980,2312,1156,1156,454.8,1315.7,16,16,11,12
5010,2312,1156,1156,456.3,1315.7,13,21,11,13
5040,2312,1156,1156,460.3,1315.7,13,22,10,15
5070,2312,1156,1156,462.4,1315.7,12,21,9,15
5100,2312,1156,1156,457.6,1315.7,16,16,10,12
5130,2312,1156,1156,455.1,1315.7,15,14,10,11
5160,2312,1156,1156,455.0,1315.7,16,18,10,12
5190,2312,1156,1156,457.2,1315.7,13,20,11,12
5220,2312,1156,1156,461.8,1315.7,13,22,10,14
5250,2312,1156,1156,460.8,1315.7,13,22,11,16
5280,2312,1156,1156,456.6,1315.7,15,17,10,12
5310,2312,1156,1156,454.8,1315.7,14,15,9,12
5340,2312,1156,1156,455.4,1315.7,15,18,11,12
5370,2312,1156,1156,458.3,1315.7,13,19,11,12
5400,2312,1156,1156,463.5,1315.7,13,21,9,14
5430,2312,1156,1156,459.3,1315.7,15,22,11,16
5460,2312,1156,1156,455.9,1315.7,14,17,10,13
5490,2312,1156,1156,454.7,1315.6,14,15,9,14
5520,2312,1156,1156,456.0,1315.7,15,19,10,12
5550,2312,1156,1156,459.5,1315.7,13,19,11,12
5580,2312,1156,1156,463.2,1315.7,14,21,10,14
5610,2312,1156,1156,458.1,1315.7,15,24,11,14
5640,2312,1156,1156,455.3,1315.7,13,16,11,14
5670,2312,1156,1156,454.8,1315.7,14,17,9,14
5700,2312,1156,1156,456.7,1315.7,16,19,10,12
5730,2312,1156,1156,461.0,1315.7,13,18,11,13
5760,2312,1156,1156,461.6,1315.7,14,20,11,13
5790,2312,1156,1156,457.1,1315.7,15,24,11,14
5820,2312,1156,1156,454.9,1315.7,14,17,12,15
5850,2312,1156,1156,455.1,1315.7,14,18,10,15
5880,2312,1156,1156,457.7,1315.7,16,19,10,12
5910,2312,1156,1156,462.6,1315.7,15,18,12,13
5940,2312,1156,1156,460.1,1315.7,14,20,11,12
5970,2312,1156,1156,456.2,1315.7,15,24,11,14
6000,2312,1156,1156,454.7,1315.7,14,17,12,15
6030,2312,1156,1156,455.6,1315.7,13,18,10,15
6060,2312,1156,1156,458.9,1315.7,15,19,10,12
6090,2312,1156,1156,464.2,1315.7,14,18,12,12
6120,2312,1156,1156,458.7,1315.7,14,20,11,12
6150,2312,1156,1156,455.6,1315.7,15,24,11,13
6180,2312,1156,1156,454.8,1315.7,14,19,11,15
6210,2312,1156,1156,456.3,1315.7,13,18,10,14
6240,2312,1156,1156,460.2,1315.7,16,19,10,11
6270,2312,1156,1156,462.4,1315.7,14,18,11,12
6300,2312,1156,1156,457.6,1315.7,14,20,11,12
6330,2312,1156,1156,455.1,1315.7,14,23,10,13
6360,2312,1156,1156,455.0,1315.7,13,19,12,14
6390,2312,1156,1156,457.2,1315.7,13,18,11,13
6420,2312,1156,1156,461.8,1315.7,15,19,10,12
6450,2312,1156,1156,460.8,1315.7,14,17,11,13
6480,2312,1156,1156,456.6,1315.7,14,19,11,13
6510,2312,1156,1156,454.8,1315.7,13,23,11,13
6540,2312,1156,1156,455.4,1315.7,12,19,12,14
6570,2312,1156,1156,458.3,1315.7,13,18,11,13
6600,2312,1156,1156,463.5,1315.7,16,18,10,13
6630,2312,1156,1156,459.4,1315.7,15,17,11,12
6660,2312,1156,1156,455.9,1315.7,15,19,11,14
6690,2312,1156,1156,454.7,1315.6,12,23,11,13
6720,2312,1156,1156,455.9,1315.7,12,20,12,13
6750,2312,1156,1156,459.5,1315.7,13,18,11,14
6780,2312,1156,1156,463.3,1315.7,16,18,9,14
6810,2312,1156,1156,458.2,1315.7,16,17,10,12
6840,2312,1156,1156,455.3,1315.7,16,19,10,14
6870,2312,1156,1156,454.8,1315.7,13,22,10,13
6900,2312,1156,1156,456.7,1315.7,12,20,12,12
6930,2312,1156,1156,460.9,1315.7,13,17,11,13
6960,2312,1156,1156,461.6,1315.7,15,17,9,14
6990,2312,1156,1156,457.1,1315.7,16,17,10,12
7020,2312,1156,1156,454.9,1315.7,16,20,10,14
7050,2312,1156,1156,455.1,1315.7,13,22,10,13
7080,2312,1156,1156,457.7,1315.7,12,20,11,13
7110,2312,1156,1156,462.6,1315.7,13,18,11,13
7140,2312,1156,1156,460.1,1315.7,15,17,10,14
7170,2312,1156,1156,456.2,1315.7,16,17,11,12
7200,2312,1156,1156,454.7,1315.7,15,19,9,13
7230,2312,1156,1156,455.6,1315.7,13,22,9,12
7260,2312,1156,1156,458.8,1315.7,12,20,12,14
7290,2312,1156,1156,464.2,1315.7,13,19,11,13
7320,2312,1156,1156,458.8,1315.7,14,17,10,13
7350,2312,1156,1156,455.6,1315.7,16,15,11,12
7380,2312,1156,1156,454.8,1315.7,15,19,11,12
7410,2312,1156,1156,456.3,1315.7,13,23,12,12
7440,2312,1156,1156,460.2,1315.7,12,22,10,14
7470,2312,1156,1156,462.5,1315.7,14,20,10,13
7500,2312,1156,1156,457.6,1315.7,14,16,10,12
7530,2312,1156,1156,455.1,1315.7,16,15,10,12
7560,2312,1156,1156,455.0,1315.7,15,20,11,11
7590,2312,1156,1156,457.2,1315.7,13,22,11,13
7620,2312,1156,1156,461.7,1315.7,12,22,10,15
7650,2312,1156,1156,460.8,1315.7,14,21,10,13
7680,2312,1156,1156,456.7,1315.7,14,16,11,12
7710,2312,1156,1156,454.8,1315.7,14,15,9,12
7740,2312,1156,1156,455.3,1315.7,15,19,11,12
7770,2312,1156,1156,458.2,1315.7,13,21,12,13
7800,2312,1156,1156,463.4,1315.7,12,21,10,15
7830,2312,1156,1156,459.4,1315.7,14,21,10,14
7860,2312,1156,1156,455.9,1315.7,14,16,11,12
7890,2312,1156,1156,454.7,1315.6,14,17,9,13
7920,2312,1156,1156,455.9,1315.7,15,19,11,12
7950,2312,1156,1156,459.5,1315.7,13,21,12,14
7980,2312,1156,1156,463.4,1315.7,13,21,10,14
8010,2312,1156,1156,458.2,1315.7,15,21,11,14
8040,2312,1156,1156,455.3,1315.7,14,17,11,14
8070,2312,1156,1156,454.8,1315.7,14,17,10,13
8100,2312,1156,1156,456.7,1315.7,15,19,11,12
8130,2312,1156,1156,460.9,1315.7,13,20,12,13
8160,2312,1156,1156,461.7,1315.7,13,21,10,14
8190,2312,1156,1156,457.1,1315.7,15,21,11,14
8220,2312,1156,1156,454.9,1315.7,14,17,11,14
8250,2312,1156,1156,455.1,1315.7,14,16,10,13
8280,2312,1156,1156,457.7,1315.7,15,19,11,12
8310,2312,1156,1156,462.5,1315.7,14,19,12,13
8340,2312,1156,1156,460.1,1315.7,13,21,11,13
8370,2312,1156,1156,456.3,1315.7,15,21,11,14
8400,2312,1156,1156,454.8,1315.7,14,17,11,14
8430,2312,1156,1156,455.6,1315.7,15,17,10,12
8460,2312,1156,1156,458.8,1315.7,15,18,10,12
8490,2312,1156,1156,464.3,1315.7,15,19,11,13
8520,2312,1156,1156,458.8,1315.7,13,21,11,12
8550,2312,1156,1156,455.6,1315.7,14,22,11,16
8580,2312,1156,1156,454.8,1315.7,14,17,11,14
8610,2312,1156,1156,456.3,1315.7,14,17,10,13
8640,2312,1156,1156,460.1,1315.7,14,17,10,12
8670,2312,1156,1156,462.5,1315.7,13,18,12,11
8700,2312,1156,1156,457.7,1315.7,16,21,11,12
8730,2312,1156,1156,455.1,1315.7,13,20,11,15
8760,2312,1156,1156,454.9,1315.7,13,17,12,15
8790,2312,1156,1156,457.1,1315.7,13,17,10,12
8820,2312,1156,1156,461.7,1315.7,15,17,10,12
8850,2312,1156,1156,460.9,1315.7,14,17,12,12
8880,2312,1156,1156,456.7,1315.7,15,22,11,12
8910,2312,1156,1156,454.8,1315.7,12,20,11,14
8940,2312,1156,1156,455.3,1315.7,13,17,12,14
8970,2312,1156,1156,458.2,1315.7,13,18,10,12
9000,2312,1156,1156,463.4,1315.7,15,17,10,13
9030,2312,1156,1156,459.5,1315.7,14,17,12,12
9060,2312,1156,1156,455.9,1315.7,16,23,11,14
9090,2312,1156,1156,454.7,1315.6,12,21,10,14
9120,2312,1156,1156,455.9,1315.7,13,18,12,14
9150,2312,1156,1156,459.4,1315.7,14,19,10,13
9180,2312,1156,1156,463.4,1315.7,15,17,9,13
9210,2312,1156,1156,458.2,1315.7,15,17,11,12
9240,2312,1156,1156,455.3,1315.7,16,22,11,13
9270,2312,1156,1156,454.8,1315.7,12,21,9,14
9300,2312,1156,1156,456.7,1315.7,13,18,11,14
9330,2312,1156,1156,460.9,1315.7,14,19,11,13
9360,2312,1156,1156,461.7,1315.7,16,17,9,13
9390,2312,1156,1156,457.2,1315.7,15,17,10,12
9420,2312,1156,1156,455.0,1315.7,15,21,11,13
9450,2312,1156,1156,455.1,1315.7,12,21,10,15
9480,2312,1156,1156,457.6,1315.7,13,20,11,14
9510,2312,1156,1156,462.5,1315.7,15,19,10,13
9540,2312,1156,1156,460.2,1315.7,16,16,9,12
9570,2312,1156,1156,456.3,1315.7,15,17,10,12
9600,2312,1156,1156,454.8,1315.7,15,21,9,13
9630,2312,1156,1156,455.6,1315.7,12,21,10,14
9660,2312,1156,1156,458.8,1315.7,12,21,11,14
9690,2312,1156,1156,464.3,1315.7,15,19,11,13
9720,2312,1156,1156,458.8,1315.7,15,16,11,13
9750,2312,1156,1156,455.6,1315.7,16,16,11,13
9780,2312,1156,1156,454.7,1315.7,14,21,10,13
9810,2312,1156,1156,456.3,1315.7,13,21,10,13
9840,2312,1156,1156,460.1,1315.7,12,21,10,15
9870,2312,1156,1156,462.6,1315.7,15,19,11,12
9900,2312,1156,1156,457.7,1315.7,15,16,12,13
9930,2312,1156,1156,455.1,1315.7,16,16,11,13
9960,2312,1156,1156,454.9,1315.7,14,21,10,12
9990,2312,1156,1156,457.1,1315.7,13,22,11,13
10020,2312,1156,1156,461.6,1315.7,12,22,9,15
10050,2312,1156,1156,460.9,1315.7,16,19,9,12
10080,2312,1156,1156,456.7,1315.7,15,15,11,12
10110,2312,1156,1156,454.8,1315.7,15,16,11,12
10140,2312,1156,1156,455.3,1315.7,14,22,11,12
10170,2312,1156,1156,458.2,1315.7,13,22,11,15
10200,2312,1156,1156,463.3,1315.7,12,22,10,16
10230,2312,1156,1156,459.5,1315.7,16,18,10,11
10260,2312,1156,1156,455.9,1315.7,14,15,10,12
10290,2312,1156,1156,454.7,1315.6,15,17,9,13
10320,2312,1156,1156,455.9,1315.7,13,20,11,12
10350,2312,1156,1156,459.4,1315.7,13,21,11,15
10380,2312,1156,1156,463.5,1315.7,12,22,10,16
10410,2312,1156,1156,458.3,1315.7,15,18,10,14
10440,2312,1156,1156,455.4,1315.7,14,16,10,12
10470,2312,1156,1156,454.8,1315.7,15,17,10,13
10500,2312,1156,1156,456.6,1315.7,13,18,11,12
10530,2312,1156,1156,460.8,1315.7,13,20,12,15
10560,2312,1156,1156,461.7,1315.7,14,22,11,16
10590,2312,1156,1156,457.2,1315.7,16,17,11,15
10620,2312,1156,1156,455.0,1315.7,13,17,9,13
10650,2312,1156,1156,455.1,1315.7,14,18,10,12
10680,2312,1156,1156,457.6,1315.7,13,18,11,12
10710,2312,1156,1156,462.4,1315.7,14,20,10,14
10740,2312,1156,1156,460.2,1315.7,15,23,11,15
10770,2312,1156,1156,456.3,1315.7,13,18,11,15
10800,2312,1156,1156,454.8,1315.7,15,17,9,15
10830,2312,1156,1156,455.6,1315.7,15,18,10,12
10860,2312,1156,1156,458.7,1315.7,14,18,11,12
10890,2312,1156,1156,464.2,1315.7,14,20,10,13
10920,2312,1156,1156,458.9,1315.7,15,23,11,14
10950,2312,1156,1156,455.6,1315.7,13,19,11,16
10980,2312,1156,1156,454.7,1315.7,14,17,10,15
11010,2312,1156,1156,456.2,1315.7,15,19,10,12
11040,2312,1156,1156,460.1,1315.7,14,18,11,13
11070,2312,1156,1156,462.6,1315.7,14,20,11,12
11100,2312,1156,1156,457.7,1315.7,15,23,11,12
11130,2312,1156,1156,455.1,1315.7,13,19,11,16
11160,2312,1156,1156,454.9,1315.7,13,18,10,15
11190,2312,1156,1156,457.1,1315.7,15,19,10,12
11220,2312,1156,1156,461.6,1315.7,14,18,10,12
11250,2312,1156,1156,461.0,1315.7,14,19,11,12
11280,2312,1156,1156,456.7,1315.7,15,24,11,12
11310,2312,1156,1156,454.8,1315.7,13,19,11,15
11340,2312,1156,1156,455.3,1315.7,13,18,11,14
11370,2312,1156,1156,458.1,1315.7,15,19,10,12
11400,2312,1156,1156,463.3,1315.7,14,18,9,13
11430,2312,1156,1156,459.5,1315.7,14,19,11,13
11460,2312,1156,1156,456.0,1315.7,14,25,11,12
11490,2312,1156,1156,454.7,1315.6,12,20,11,15
11520,2312,1156,1156,455.9,1315.7,13,18,11,13
11550,2312,1156,1156,459.4,1315.7,15,19,10,13
11580,2312,1156,1156,463.5,1315.7,14,18,9,13
11610,2312,1156,1156,458.3,1315.7,14,19,11,13
11640,2312,1156,1156,455.4,1315.7,14,24,11,13
11670,2312,1156,1156,454.8,1315.7,12,20,12,14
11700,2312,1156,1156,456.6,1315.7,13,18,11,14
11730,2312,1156,1156,460.8,1315.7,15,19,10,13
11760,2312,1156,1156,461.8,1315.7,16,18,10,12
11790,2312,1156,1156,457.2,1315.7,14,19,11,12
11820,2312,1156,1156,455.0,1315.7,14,24,11,13
11850,2312,1156,1156,455.1,1315.7,12,20,12,14
11880,2312,1156,1156,457.6,1315.7,13,18,11,15
11910,2312,1156,1156,462.4,1315.7,15,19,9,13
11940,2312,1156,1156,460.3,1315.7,16,17,10,12
11970,2312,1156,1156,456.3,1315.7,14,17,10,13
12000,2312,1156,1156,454.8,1315.7,13,23,10,13
12030,2312,1156,1156,455.6,1315.7,12,20,11,14
12060,2312,1156,1156,458.7,1315.7,13,18,11,15
12090,2312,1156,1156,464.1,1315.7,15,18,9,13
12120,2312,1156,1156,458.9,1315.7,16,17,10,12
12150,2312,1156,1156,455.6,1315.7,15,17,10,13
12180,2312,1156,1156,454.7,1315.7,13,23,10,13
12210,2312,1156,1156,456.2,1315.7,12,21,11,14
12240,2312,1156,1156,460.0,1315.7,13,19,11,14
12270,2312,1156,1156,462.7,1315.7,16,18,11,14
12300,2312,1156,1156,457.7,1315.7,16,16,11,12
12330,2312,1156,1156,455.1,1315.7,15,17,10,13
12360,2312,1156,1156,454.9,1315.7,13,21,10,12
12390,2312,1156,1156,457.1,1315.7,12,21,12,14
12420,2312,1156,1156,461.5,1315.7,13,19,10,14
12450,2312,1156,1156,461.0,1315.7,16,17,11,13
12480,2312,1156,1156,456.8,1315.7,16,15,11,12
12510,2312,1156,1156,454.8,1315.7,15,18,11,13
12540,2312,1156,1156,455.3,1315.7,13,22,11,12
12570,2312,1156,1156,458.1,1315.7,12,22,10,14
12600,2312,1156,1156,463.2,1315.7,12,22,9,15
12630,2312,1156,1156,459.6,1315.7,15,16,10,12
12660,2312,1156,1156,456.0,1315.7,15,14,11,11
12690,2312,1156,1156,454.7,1315.6,16,18,11,11
12720,2312,1156,1156,455.8,1315.7,13,22,11,13
12750,2312,1156,1156,459.3,1315.7,12,22,10,15
12780,2312,1156,1156,463.6,1315.7,13,22,9,16
12810,2312,1156,1156,458.3,1315.7,14,17,10,12
12840,2312,1156,1156,455.4,1315.7,14,14,9,12
12870,2312,1156,1156,454.8,1315.7,15,19,11,12
12900,2312,1156,1156,456.6,1315.7,13,21,11,12
12930,2312,1156,1156,460.7,1315.7,13,21,9,14
12960,2312,1156,1156,461.8,1315.7,14,22,11,15
12990,2312,1156,1156,457.2,1315.7,14,17,11,13
13020,2312,1156,1156,455.0,1315.7,14,15,9,13
13050,2312,1156,1156,455.1,1315.7,15,19,11,12
13080,2312,1156,1156,457.5,1315.7,13,19,12,13
13110,2312,1156,1156,462.3,1315.7,14,21,9,14
13140,2312,1156,1156,460.3,1315.7,15,22,11,14
13170,2312,1156,1156,456.4,1315.7,14,16,11,14
13200,2312,1156,1156,454.8,1315.7,14,16,9,13
13230,2312,1156,1156,455.5,1315.7,15,19,10,12
13260,2312,1156,1156,458.7,1315.7,13,19,12,13
13290,2312,1156,1156,464.1,1315.7,14,21,11,14
13320,2312,1156,1156,458.9,1315.7,15,22,11,14
13350,2312,1156,1156,455.7,1315.7,14,17,12,14
13380,2312,1156,1156,454.7,1315.7,15,17,10,13
13410,2312,1156,1156,456.2,1315.7,16,19,10,12
13440,2312,1156,1156,460.0,1315.7,14,19,12,13
13470,2312,1156,1156,462.7,1315.7,14,21,11,12
13500,2312,1156,1156,457.8,1315.7,15,23,11,14
13530,2312,1156,1156,455.2,1315.7,14,17,12,15
13560,2312,1156,1156,454.9,1315.7,13,17,10,14
13590,2312,1156,1156,457.0,1315.7,16,19,10,12
13620,2312,1156,1156,461.5,1315.7,14,18,12,13
13650,2312,1156,1156,461.1,1315.7,13,20,11,12
13680,2312,1156,1156,456.8,1315.7,15,24,11,15
13710,2312,1156,1156,454.8,1315.7,14,17,11,15
13740,2312,1156,1156,455.3,1315.7,13,17,10,13
13770,2312,1156,1156,458.1,1315.7,14,19,10,12
13800,2312,1156,1156,463.2,1315.7,13,17,11,12
13830,2312,1156,1156,459.6,1315.7,14,20,11,12
13860,2312,1156,1156,456.0,1315.7,14,23,11,13
13890,2312,1156,1156,454.7,1315.6,13,18,12,14
13920,2312,1156,1156,455.8,1315.7,13,17,10,12
13950,2312,1156,1156,459.3,1315.7,15,18,10,12
13980,2312,1156,1156,463.6,1315.7,14,17,12,12
14010,2312,1156,1156,458.4,1315.7,15,20,11,13
14040,2312,1156,1156,455.4,1315.7,13,23,11,13
14070,2312,1156,1156,454.8,1315.7,13,19,12,14
14100,2312,1156,1156,456.6,1315.7,13,17,11,12
14130,2312,1156,1156,460.7,1315.7,16,18,10,12
14160,2312,1156,1156,461.9,1315.7,15,17,11,12
14190,2312,1156,1156,457.3,1315.7,16,19,11,14
14220,2312,1156,1156,455.0,1315.7,12,22,10,13
14250,2312,1156,1156,455.1,1315.7,13,19,12,14
14280,2312,1156,1156,457.5,1315.7,13,17,11,13
14310,2312,1156,1156,462.3,1315.7,16,16,9,13
14340,2312,1156,1156,460.3,1315.7,15,17,11,12
14370,2312,1156,1156,456.4,1315.7,16,20,11,14
14400,2312,1156,1156,454.8,1315.7,12,22,10,15
14430,2312,1156,1156,455.5,1315.7,12,20,12,12
14460,2312,1156,1156,458.6,1315.7,13,18,11,13
14490,2312,1156,1156,464.0,1315.7,17,17,9,14
14520,2312,1156,1156,459.0,1315.7,16,17,11,12
14550,2312,1156,1156,455.7,1315.7,16,20,10,14
14580,2312,1156,1156,454.7,1315.7,13,22,10,14
14610,2312,1156,1156,456.2,1315.7,12,20,12,13
14640,2312,1156,1156,459.9,1315.7,13,19,11,13
14670,2312,1156,1156,462.8,1315.7,14,17,9,14
14700,2312,1156,1156,457.8,1315.7,16,17,11,12
14730,2312,1156,1156,455.2,1315.7,15,21,9,13
14760,2312,1156,1156,454.9,1315.7,13,22,10,14
14790,2312,1156,1156,457.0,1315.7,12,20,12,14
14820,2312,1156,1156,461.4,1315.7,14,19,11,12
14850,2312,1156,1156,461.1,1315.7,14,17,10,13
14880,2312,1156,1156,456.8,1315.7,16,15,11,12
14910,2312,1156,1156,454.9,1315.7,15,20,10,12
14940,2312,1156,1156,455.3,1315.7,13,21,11,13
14970,2312,1156,1156,458.0,1315.7,12,20,10,14
15000,2312,1156,1156,463.1,1315.7,14,19,10,13
15030,2312,1156,1156,459.7,1315.7,14,17,12,12
15060,2312,1156,1156,456.0,1315.7,16,15,10,13
15090,2312,1156,1156,454.7,1315.7,14,21,11,11
15120,2312,1156,1156,455.8,1315.7,13,22,12,14
15150,2312,1156,1156,459.2,1315.7,12,22,9,14
15180,2312,1156,1156,463.7,1315.7,15,20,9,13
15210,2312,1156,1156,458.4,1315.7,14,15,10,12
15240,2312,1156,1156,455.4,1315.7,15,16,9,12
15270,2312,1156,1156,454.8,1315.7,14,19,11,12
15300,2312,1156,1156,456.5,1315.7,13,21,11,15
15330,2312,1156,1156,460.6,1315.7,12,23,10,15
15360,2312,1156,1156,461.9,1315.7,14,20,10,13
15390,2312,1156,1156,457.3,1315.7,14,15,10,12
15420,2312,1156,1156,455.0,1315.7,14,17,9,13
15450,2312,1156,1156,455.1,1315.7,14,19,11,12
15480,2312,1156,1156,457.5,1315.7,13,20,12,15
15510,2312,1156,1156,462.2,1315.7,12,22,10,15
15540,2312,1156,1156,460.4,1315.7,15,20,11,14
15570,2312,1156,1156,456.4,1315.7,14,16,10,12
15600,2312,1156,1156,454.8,1315.7,14,17,10,13
15630,2312,1156,1156,455.5,1315.7,15,19,11,12
15660,2312,1156,1156,458.6,1315.7,13,20,12,14
15690,2312,1156,1156,464.0,1315.7,13,22,11,15
15720,2312,1156,1156,459.0,1315.7,15,20,11,14
15750,2312,1156,1156,455.7,1315.7,14,17,10,14
15780,2312,1156,1156,454.7,1315.7,14,17,10,12
15810,2312,1156,1156,456.1,1315.7,15,19,11,12
15840,2312,1156,1156,459.9,1315.7,14,20,12,14
15870,2312,1156,1156,462.8,1315.7,13,22,11,13
15900,2312,1156,1156,457.8,1315.7,15,20,11,15
15930,2312,1156,1156,455.2,1315.7,14,17,9,14
15960,2312,1156,1156,454.9,1315.7,14,17,10,12
15990,2312,1156,1156,457.0,1315.7,15,17,11,12
16020,2312,1156,1156,461.4,1315.7,14,19,11,13
16050,2312,1156,1156,461.2,1315.7,14,22,11,13
16080,2312,1156,1156,456.8,1315.7,14,19,11,16
16110,2312,1156,1156,454.9,1315.7,14,17,11,14
16140,2312,1156,1156,455.2,1315.7,15,18,10,12
16170,2312,1156,1156,458.0,1315.7,14,17,10,12
16200,2312,1156,1156,463.1,1315.7,14,19,12,12
16230,2312,1156,1156,459.7,1315.7,15,23,11,12
16260,2312,1156,1156,456.0,1315.7,13,20,11,16
16290,2312,1156,1156,454.7,1315.7,13,17,11,15
16320,2312,1156,1156,455.8,1315.7,15,18,10,13
16350,2312,1156,1156,459.2,1315.7,14,17,10,12
16380,2312,1156,1156,463.7,1315.7,13,19,12,11
16410,2312,1156,1156,458.4,1315.7,15,23,11,12
16440,2312,1156,1156,455.4,1315.7,12,20,11,15
16470,2312,1156,1156,454.8,1315.7,13,17,11,15
16500,2312,1156,1156,456.5,1315.7,14,19,10,12
16530,2312,1156,1156,460.6,1315.7,14,17,10,13
16560,2312,1156,1156,462.0,1315.7,14,18,12,12
16590,2312,1156,1156,457.3,1315.7,14,24,11,13
16620,2312,1156,1156,455.0,1315.7,12,20,10,14
16650,2312,1156,1156,455.0,1315.7,13,18,11,14
16680,2312,1156,1156,457.4,1315.7,14,19,10,13
16710,2312,1156,1156,462.2,1315.7,15,17,9,13
16740,2312,1156,1156,460.4,1315.7,14,17,11,12
16770,2312,1156,1156,456.4,1315.7,15,23,11,13
16800,2312,1156,1156,454.8,1315.7,12,20,10,14
16830,2312,1156,1156,455.5,1315.7,13,18,11,14
16860,2312,1156,1156,458.6,1315.7,14,19,10,13
16890,2312,1156,1156,463.9,1315.7,16,17,9,13
16920,2312,1156,1156,459.1,1315.7,14,17,10,12
16950,2312,1156,1156,455.7,1315.7,14,23,11,13
16980,2312,1156,1156,454.7,1315.7,12,21,10,14
17010,2312,1156,1156,456.1,1315.7,13,19,11,15
17040,2312,1156,1156,459.9,1315.7,15,19,11,13
17070,2312,1156,1156,462.9,1315.7,16,16,10,12
17100,2312,1156,1156,457.9,1315.7,14,17,10,13
17130,2312,1156,1156,455.2,1315.7,14,22,10,13
17160,2312,1156,1156,454.9,1315.7,12,21,10,14
17190,2312,1156,1156,457.0,1315.7,13,19,11,14
17220,2312,1156,1156,461.3,1315.7,15,19,11,13
17250,2312,1156,1156,461.2,1315.7,16,15,10,12
17280,2312,1156,1156,456.9,1315.7,15,16,10,13
17310,2312,1156,1156,454.9,1315.7,13,22,9,13
17340,2312,1156,1156,455.2,1315.7,12,21,10,14
17370,2312,1156,1156,458.0,1315.7,12,20,11,14
17400,2312,1156,1156,463.0,1315.7,16,19,11,13
17430,2312,1156,1156,459.7,1315.7,15,15,12,12
17460,2312,1156,1156,456.1,1315.7,16,17,11,13
17490,2312,1156,1156,454.7,1315.7,13,22,10,12
17520,2312,1156,1156,455.8,1315.7,12,21,10,14
17550,2312,1156,1156,459.2,1315.7,12,21,10,15
17580,2312,1156,1156,463.8,1315.7,16,18,11,13
17610,2312,1156,1156,458.5,1315.7,15,14,11,12
17640,2312,1156,1156,455.4,1315.7,16,16,11,12
17670,2312,1156,1156,454.8,1315.7,13,22,12,12
17700,2312,1156,1156,456.5,1315.7,13,22,10,15
17730,2312,1156,1156,460.6,1315.7,12,22,9,15
17760,2312,1156,1156,462.0,1315.7,16,17,10,12
17790,2312,1156,1156,457.4,1315.7,15,14,10,12
17820,2312,1156,1156,455.0,1315.7,16,17,10,13
17850,2312,1156,1156,455.0,1315.7,13,19,11,12
17880,2312,1156,1156,457.4,1315.7,13,22,10,15
17910,2312,1156,1156,462.1,1315.7,12,21,10,16
17940,2312,1156,1156,460.5,1315.7,16,17,10,12
17970,2312,1156,1156,456.5,1315.7,15,15,10,12
18000,2312,1156,1156,454.8,1315.7,16,18,10,12
